utt,spk,sex,dur
1089-134686-0022,1089,M,11.18
1089-134686-0025,1089,M,6.61
1089-134691-0004,1089,M,5.18
1089-134691-0017,1089,M,11.7
1089-134691-0021,1089,M,13.37
1188-133604-0000,1188,M,10.72
1188-133604-0005,1188,M,8.56
1188-133604-0010,1188,M,6.09
1188-133604-0019,1188,M,13.93
1188-133604-0041,1188,M,10.07
121-127105-0000,121,F,9.88
121-127105-0001,121,F,5.03
121-127105-0002,121,F,7.5
121-127105-0011,121,F,5.78
121-127105-0012,121,F,4.83
1221-135766-0000,1221,F,12.44
1221-135766-0003,1221,F,13.72
1221-135766-0014,1221,F,4.75
1221-135767-0012,1221,F,13.88
1221-135767-0024,1221,F,5.85
1284-1180-0010,1284,F,8.63
1284-1180-0023,1284,F,5.61
1284-1181-0014,1284,F,7.92
1284-1181-0015,1284,F,5.12
1284-134647-0006,1284,F,10.15
1320-122612-0006,1320,M,4.84
1320-122617-0004,1320,M,12.26
1320-122617-0008,1320,M,4.18
1320-122617-0013,1320,M,10.76
1320-122617-0020,1320,M,8.89
1580-141083-0035,1580,F,4.98
1580-141084-0023,1580,F,8.73
1580-141084-0029,1580,F,8.07
1580-141084-0040,1580,F,5.99
1580-141084-0049,1580,F,7.58
1995-1826-0019,1995,F,5.25
1995-1826-0022,1995,F,4.75
1995-1836-0001,1995,F,6.0
1995-1836-0003,1995,F,7.96
1995-1836-0014,1995,F,9.04
2094-142345-0005,2094,F,9.09
2094-142345-0033,2094,F,12.87
2094-142345-0043,2094,F,7.35
2094-142345-0050,2094,F,4.04
2094-142345-0051,2094,F,5.31
2300-131720-0000,2300,M,5.08
2300-131720-0007,2300,M,13.45
2300-131720-0009,2300,M,9.61
2300-131720-0027,2300,M,8.62
2300-131720-0036,2300,M,7.08
237-126133-0001,237,F,11.96
237-126133-0013,237,F,6.82
237-134500-0015,237,F,10.81
237-134500-0033,237,F,6.35
237-134500-0040,237,F,4.03
260-123286-0007,260,M,4.55
260-123286-0023,260,M,5.88
260-123288-0007,260,M,11.2
260-123288-0008,260,M,5.51
260-123440-0019,260,M,6.63
2830-3979-0003,2830,M,8.09
2830-3980-0006,2830,M,6.41
2830-3980-0047,2830,M,7.87
2830-3980-0067,2830,M,8.13
2830-3980-0074,2830,M,5.7
2961-960-0012,2961,F,6.89
2961-960-0017,2961,F,7.87
2961-960-0020,2961,F,9.88
2961-961-0006,2961,F,4.6
2961-961-0016,2961,F,7.82
3570-5694-0001,3570,F,5.67
3570-5694-0002,3570,F,10.62
3570-5694-0013,3570,F,5.61
3570-5694-0016,3570,F,14.15
3570-5695-0000,3570,F,4.83
3575-170457-0006,3575,F,8.3
3575-170457-0015,3575,F,14.43
3575-170457-0033,3575,F,8.5
3575-170457-0041,3575,F,14.01
3575-170457-0055,3575,F,11.85
3729-6852-0018,3729,F,6.21
3729-6852-0028,3729,F,5.26
3729-6852-0031,3729,F,4.4
3729-6852-0043,3729,F,4.21
3729-6852-0044,3729,F,6.98
4077-13751-0000,4077,M,9.56
4077-13751-0009,4077,M,12.15
4077-13751-0011,4077,M,11.43
4077-13751-0012,4077,M,12.02
4077-13751-0017,4077,M,5.09
4446-2271-0008,4446,F,5.5
4446-2273-0016,4446,F,9.64
4446-2275-0008,4446,F,4.13
4446-2275-0019,4446,F,4.93
4446-2275-0038,4446,F,4.53
4507-16021-0011,4507,F,5.62
4507-16021-0024,4507,F,5.14
4507-16021-0033,4507,F,5.54
4507-16021-0042,4507,F,10.38
4507-16021-0049,4507,F,5.91
4970-29093-0007,4970,F,7.0
4970-29093-0012,4970,F,8.71
4970-29093-0022,4970,F,6.22
4970-29095-0004,4970,F,9.61
4970-29095-0032,4970,F,6.61
4992-23283-0000,4992,F,6.64
4992-23283-0009,4992,F,8.39
4992-23283-0020,4992,F,10.42
4992-41797-0009,4992,F,13.2
4992-41797-0014,4992,F,7.21
5105-28233-0002,5105,M,8.29
5105-28233-0005,5105,M,11.39
5105-28240-0011,5105,M,6.02
5105-28241-0011,5105,M,13.71
5105-28241-0016,5105,M,6.29
5142-33396-0022,5142,F,4.77
5142-33396-0067,5142,F,5.57
5142-36377-0004,5142,F,5.49
5142-36377-0017,5142,F,4.68
5142-36377-0022,5142,F,11.24
5639-40744-0005,5639,M,5.64
5639-40744-0023,5639,M,13.92
5639-40744-0025,5639,M,8.79
5639-40744-0026,5639,M,14.5
5639-40744-0038,5639,M,13.8
5683-32865-0015,5683,F,4.14
5683-32866-0013,5683,F,9.93
5683-32866-0017,5683,F,4.58
5683-32866-0027,5683,F,4.75
5683-32879-0017,5683,F,14.59
61-70968-0013,61,M,4.45
61-70968-0014,61,M,7.49
61-70970-0035,61,M,7.41
61-70970-0038,61,M,10.4
61-70970-0040,61,M,4.17
672-122797-0020,672,M,8.82
672-122797-0040,672,M,5.12
672-122797-0048,672,M,6.55
672-122797-0066,672,M,4.82
672-122797-0071,672,M,8.88
6829-68769-0008,6829,F,4.74
6829-68771-0010,6829,F,9.82
6829-68771-0016,6829,F,6.99
6829-68771-0030,6829,F,6.22
6829-68771-0036,6829,F,5.2
6930-75918-0006,6930,M,5.85
6930-75918-0016,6930,M,10.02
6930-75918-0017,6930,M,6.16
6930-76324-0006,6930,M,4.46
6930-76324-0023,6930,M,4.85
7021-79740-0006,7021,M,5.96
7021-79740-0014,7021,M,14.18
7021-79759-0002,7021,M,5.25
7021-85628-0005,7021,M,5.01
7021-85628-0023,7021,M,9.03
7127-75946-0016,7127,M,11.21
7127-75946-0029,7127,M,9.29
7127-75947-0024,7127,M,7.33
7127-75947-0027,7127,M,8.09
7127-75947-0035,7127,M,4.42
7176-88083-0005,7176,M,4.7
7176-92135-0001,7176,M,7.56
7176-92135-0034,7176,M,4.46
7176-92135-0038,7176,M,9.21
7176-92135-0041,7176,M,4.94
7729-102255-0010,7729,M,8.54
7729-102255-0014,7729,M,5.29
7729-102255-0022,7729,M,11.79
7729-102255-0038,7729,M,7.92
7729-102255-0042,7729,M,9.22
8224-274381-0003,8224,M,13.09
8224-274381-0015,8224,M,12.65
8224-274384-0000,8224,M,7.61
8224-274384-0005,8224,M,8.74
8224-274384-0010,8224,M,14.6
8230-279154-0006,8230,M,7.51
8230-279154-0013,8230,M,14.56
8230-279154-0031,8230,M,12.66
8230-279154-0033,8230,M,11.69
8230-279154-0034,8230,M,14.51
8455-210777-0005,8455,M,5.68
8455-210777-0019,8455,M,8.11
8455-210777-0027,8455,M,12.62
8455-210777-0039,8455,M,5.59
8455-210777-0059,8455,M,5.54
8463-287645-0006,8463,F,7.71
8463-294828-0003,8463,F,9.34
8463-294828-0017,8463,F,9.3
8463-294828-0019,8463,F,4.53
8463-294828-0028,8463,F,7.92
8555-284447-0001,8555,F,8.61
8555-284447-0004,8555,F,5.49
8555-284447-0006,8555,F,12.96
8555-284449-0000,8555,F,12.04
8555-284449-0015,8555,F,5.12
908-157963-0018,908,M,4.25
908-157963-0027,908,M,5.22
908-31957-0007,908,M,5.8
908-31957-0014,908,M,7.56
908-31957-0019,908,M,9.54
