utt,spk,sex,dur,text
1089-134686-0006,1089,M,10.55,THE DULL LIGHT FELL MORE FAINTLY UPON THE PAGE WHEREON ANOTHER EQUATION BEGAN TO UNFOLD ITSELF SLOWLY AND TO SPREAD ABROAD ITS WIDENING TAIL
1089-134686-0007,1089,M,4.28,A COLD LUCID INDIFFERENCE REIGNED IN HIS SOUL
1089-134686-0010,1089,M,4.41,WELL NOW ENNIS I DECLARE YOU HAVE A HEAD AND SO HAS MY STICK
1089-134686-0012,1089,M,11.64,HER EYES SEEMED TO REGARD HIM WITH MILD PITY HER HOLINESS A STRANGE LIGHT GLOWING FAINTLY UPON HER FRAIL FLESH DID NOT HUMILIATE THE SINNER WHO APPROACHED HER
1089-134686-0021,1089,M,6.55,IF A LAYMAN IN GIVING BAPTISM POUR THE WATER BEFORE SAYING THE WORDS IS THE CHILD BAPTIZED
1089-134686-0026,1089,M,4.01,THE RECTOR DID NOT ASK FOR A CATECHISM TO HEAR THE LESSON FROM
1089-134686-0031,1089,M,6.62,STEPHEN'S HEART BEGAN SLOWLY TO FOLD AND FADE WITH FEAR LIKE A WITHERING FLOWER
1089-134691-0002,1089,M,11.6,HE SET OFF ABRUPTLY FOR THE BULL WALKING RAPIDLY LEST HIS FATHER'S SHRILL WHISTLE MIGHT CALL HIM BACK AND IN A FEW MOMENTS HE HAD ROUNDED THE CURVE AT THE POLICE BARRACK AND WAS SAFE
1089-134691-0008,1089,M,14.98,THE UNCOUTH FACES PASSED HIM TWO BY TWO STAINED YELLOW OR RED OR LIVID BY THE SEA AND AS HE STROVE TO LOOK AT THEM WITH EASE AND INDIFFERENCE A FAINT STAIN OF PERSONAL SHAME AND COMMISERATION ROSE TO HIS OWN FACE
1089-134691-0022,1089,M,5.63,HE STOOD STILL IN DEFERENCE TO THEIR CALLS AND PARRIED THEIR BANTER WITH EASY WORDS
1188-133604-0003,1188,M,12.61,MY FIRST AND PRINCIPAL REASON WAS THAT THEY ENFORCED BEYOND ALL RESISTANCE ON ANY STUDENT WHO MIGHT ATTEMPT TO COPY THEM THIS METHOD OF LAYING PORTIONS OF DISTINCT HUE SIDE BY SIDE
1188-133604-0004,1188,M,10.65,SOME OF THE TOUCHES INDEED WHEN THE TINT HAS BEEN MIXED WITH MUCH WATER HAVE BEEN LAID IN LITTLE DROPS OR PONDS SO THAT THE PIGMENT MIGHT CRYSTALLIZE HARD AT THE EDGE
1188-133604-0007,1188,M,14.24,THE BROWN GROUND BENEATH IS LEFT FOR THE MOST PART ONE TOUCH OF BLACK IS PUT FOR THE HOLLOW TWO DELICATE LINES OF DARK GRAY DEFINE THE OUTER CURVE AND ONE LITTLE QUIVERING TOUCH OF WHITE DRAWS THE INNER EDGE OF THE MANDIBLE
1188-133604-0012,1188,M,14.65,IT MAY BE THAT A GREAT COLORIST WILL USE HIS UTMOST FORCE OF COLOR AS A SINGER HIS FULL POWER OF VOICE BUT LOUD OR LOW THE VIRTUE IS IN BOTH CASES ALWAYS IN REFINEMENT NEVER IN LOUDNESS
1188-133604-0014,1188,M,4.39,DO NOT THEREFORE THINK THAT THE GOTHIC SCHOOL IS AN EASY ONE
1188-133604-0018,1188,M,11.55,IN ALL EARLY GOTHIC ART INDEED YOU WILL FIND FAILURE OF THIS KIND ESPECIALLY DISTORTION AND RIGIDITY WHICH ARE IN MANY RESPECTS PAINFULLY TO BE COMPARED WITH THE SPLENDID REPOSE OF CLASSIC ART
1188-133604-0025,1188,M,7.45,YOU KNOW I HAVE JUST BEEN TELLING YOU HOW THIS SCHOOL OF MATERIALISM AND CLAY INVOLVED ITSELF AT LAST IN CLOUD AND FIRE
1188-133604-0032,1188,M,10.98,IT IS ONLY A PENCIL OUTLINE BY EDWARD BURNE JONES IN ILLUSTRATION OF THE STORY OF PSYCHE IT IS THE INTRODUCTION OF PSYCHE AFTER ALL HER TROUBLES INTO HEAVEN
1188-133604-0033,1188,M,6.62,EVERY PLANT IN THE GRASS IS SET FORMALLY GROWS PERFECTLY AND MAY BE REALIZED COMPLETELY
1188-133604-0043,1188,M,4.88,SEE THAT YOUR LIVES BE IN NOTHING WORSE THAN A BOY'S CLIMBING FOR HIS ENTANGLED KITE
121-121726-0002,121,F,4.41,ANGOR PAIN PAINFUL TO HEAR
121-121726-0004,121,F,4.02,HEAVEN A GOOD PLACE TO BE RAISED TO
121-121726-0007,121,F,6.73,HORSE SENSE A DEGREE OF WISDOM THAT KEEPS ONE FROM BETTING ON THE RACES
121-121726-0010,121,F,9.81,HOUSECLEANING A DOMESTIC UPHEAVAL THAT MAKES IT EASY FOR THE GOVERNMENT TO ENLIST ALL THE SOLDIERS IT NEEDS
121-121726-0012,121,F,4.04,HUSSY WOMAN AND BOND TIE
121-127105-0003,121,F,7.72,THERE WAS A UNANIMOUS GROAN AT THIS AND MUCH REPROACH AFTER WHICH IN HIS PREOCCUPIED WAY HE EXPLAINED
121-127105-0006,121,F,4.72,THE OTHERS RESENTED POSTPONEMENT BUT IT WAS JUST HIS SCRUPLES THAT CHARMED ME
121-127105-0020,121,F,14.36,WHO WAS IT SHE WAS IN LOVE WITH THE STORY WILL TELL I TOOK UPON MYSELF TO REPLY OH I CAN'T WAIT FOR THE STORY THE STORY WON'T TELL SAID DOUGLAS NOT IN ANY LITERAL VULGAR WAY MORE'S THE PITY THEN
121-127105-0023,121,F,10.91,LET ME SAY HERE DISTINCTLY TO HAVE DONE WITH IT THAT THIS NARRATIVE FROM AN EXACT TRANSCRIPT OF MY OWN MADE MUCH LATER IS WHAT I SHALL PRESENTLY GIVE
121-127105-0036,121,F,4.15,BUT WAS THAT ALL HER REWARD ONE OF THE LADIES ASKED
1221-135766-0002,1221,F,4.83,YET THESE THOUGHTS AFFECTED HESTER PRYNNE LESS WITH HOPE THAN APPREHENSION
1221-135766-0009,1221,F,10.19,AS TO ANY OTHER KIND OF DISCIPLINE WHETHER ADDRESSED TO HER MIND OR HEART LITTLE PEARL MIGHT OR MIGHT NOT BE WITHIN ITS REACH IN ACCORDANCE WITH THE CAPRICE THAT RULED THE MOMENT
1221-135767-0001,1221,F,13.43,ANOTHER AND FAR MORE IMPORTANT REASON THAN THE DELIVERY OF A PAIR OF EMBROIDERED GLOVES IMPELLED HESTER AT THIS TIME TO SEEK AN INTERVIEW WITH A PERSONAGE OF SO MUCH POWER AND ACTIVITY IN THE AFFAIRS OF THE SETTLEMENT
1221-135767-0005,1221,F,5.87,IT WAS THE SCARLET LETTER IN ANOTHER FORM THE SCARLET LETTER ENDOWED WITH LIFE
1221-135767-0007,1221,F,12.77,BUT IN TRUTH PEARL WAS THE ONE AS WELL AS THE OTHER AND ONLY IN CONSEQUENCE OF THAT IDENTITY HAD HESTER CONTRIVED SO PERFECTLY TO REPRESENT THE SCARLET LETTER IN HER APPEARANCE
1221-135767-0009,1221,F,13.34,BUT PEARL WHO WAS A DAUNTLESS CHILD AFTER FROWNING STAMPING HER FOOT AND SHAKING HER LITTLE HAND WITH A VARIETY OF THREATENING GESTURES SUDDENLY MADE A RUSH AT THE KNOT OF HER ENEMIES AND PUT THEM ALL TO FLIGHT
1221-135767-0010,1221,F,8.2,SHE SCREAMED AND SHOUTED TOO WITH A TERRIFIC VOLUME OF SOUND WHICH DOUBTLESS CAUSED THE HEARTS OF THE FUGITIVES TO QUAKE WITHIN THEM
1221-135767-0013,1221,F,11.98,LIFTING THE IRON HAMMER THAT HUNG AT THE PORTAL HESTER PRYNNE GAVE A SUMMONS WHICH WAS ANSWERED BY ONE OF THE GOVERNOR'S BOND SERVANT A FREE BORN ENGLISHMAN BUT NOW A SEVEN YEARS SLAVE
1221-135767-0018,1221,F,11.16,LITTLE PEARL WHO WAS AS GREATLY PLEASED WITH THE GLEAMING ARMOUR AS SHE HAD BEEN WITH THE GLITTERING FRONTISPIECE OF THE HOUSE SPENT SOME TIME LOOKING INTO THE POLISHED MIRROR OF THE BREASTPLATE
1221-135767-0022,1221,F,14.39,BUT THE PROPRIETOR APPEARED ALREADY TO HAVE RELINQUISHED AS HOPELESS THE EFFORT TO PERPETUATE ON THIS SIDE OF THE ATLANTIC IN A HARD SOIL AND AMID THE CLOSE STRUGGLE FOR SUBSISTENCE THE NATIVE ENGLISH TASTE FOR ORNAMENTAL GARDENING
1284-1180-0005,1284,F,6.55,NO ONE WOULD DISTURB THEIR LITTLE HOUSE EVEN IF ANYONE CAME SO FAR INTO THE THICK FOREST WHILE THEY WERE GONE
1284-1180-0017,1284,F,10.68,AT ONE END STOOD A GREAT FIREPLACE IN WHICH A BLUE LOG WAS BLAZING WITH A BLUE FLAME AND OVER THE FIRE HUNG FOUR KETTLES IN A ROW ALL BUBBLING AND STEAMING AT A GREAT RATE
1284-1180-0026,1284,F,8.29,BUT FIRST I WILL TELL YOU THAT FOR MANY YEARS I HAVE LONGED FOR A SERVANT TO HELP ME WITH THE HOUSEWORK AND TO COOK THE MEALS AND WASH THE DISHES
1284-1180-0031,1284,F,4.83,AT THE EMERALD CITY WHERE OUR PRINCESS OZMA LIVES GREEN IS THE POPULAR COLOR
1284-1181-0004,1284,F,7.15,GOLD IS THE MOST COMMON METAL IN THE LAND OF OZ AND IS USED FOR MANY PURPOSES BECAUSE IT IS SOFT AND PLIABLE
1284-1181-0007,1284,F,4.04,SHE POURED INTO THE DISH A QUANTITY FROM EACH OF THESE BOTTLES
1284-1181-0011,1284,F,7.75,VERY CAREFULLY THE MAGICIAN REMOVED THIS POWDER PLACING IT ALL TOGETHER IN A GOLDEN DISH WHERE HE MIXED IT WITH A GOLDEN SPOON
1284-1181-0016,1284,F,9.52,I AM NOT ALLOWED TO PERFORM MAGIC EXCEPT FOR MY OWN AMUSEMENT HE TOLD HIS VISITORS AS HE LIGHTED A PIPE WITH A CROOKED STEM AND BEGAN TO SMOKE
1284-1181-0017,1284,F,11.78,THE WIZARD OF OZ WHO USED TO BE A HUMBUG AND KNEW NO MAGIC AT ALL HAS BEEN TAKING LESSONS OF GLINDA AND I'M TOLD HE IS GETTING TO BE A PRETTY GOOD WIZARD BUT HE IS MERELY THE ASSISTANT OF THE GREAT SORCERESS
1284-134647-0004,1284,F,12.84,SOME OF THE PENAL REGULATIONS WERE COPIED FROM THE EDICTS OF DIOCLETIAN AND THIS METHOD OF CONVERSION WAS APPLAUDED BY THE SAME BISHOPS WHO HAD FELT THE HAND OF OPPRESSION AND PLEADED FOR THE RIGHTS OF HUMANITY
1320-122612-0003,1320,M,9.87,HE OFTEN STOPPED TO EXAMINE THE TREES NOR DID HE CROSS A RIVULET WITHOUT ATTENTIVELY CONSIDERING THE QUANTITY THE VELOCITY AND THE COLOR OF ITS WATERS
1320-122612-0005,1320,M,5.92,YET HERE ARE WE WITHIN A SHORT RANGE OF THE SCAROONS AND NOT A SIGN OF A TRAIL HAVE WE CROSSED
1320-122612-0013,1320,M,6.55,A CIRCLE OF A FEW HUNDRED FEET IN CIRCUMFERENCE WAS DRAWN AND EACH OF THE PARTY TOOK A SEGMENT FOR HIS PORTION
1320-122617-0005,1320,M,4.4,THE BEAR SHOOK HIS SHAGGY SIDES AND THEN A WELL KNOWN VOICE REPLIED
1320-122617-0011,1320,M,9.76,THE LODGE IN WHICH UNCAS WAS CONFINED WAS IN THE VERY CENTER OF THE VILLAGE AND IN A SITUATION PERHAPS MORE DIFFICULT THAN ANY OTHER TO APPROACH OR LEAVE WITHOUT OBSERVATION
1320-122617-0018,1320,M,9.7,IT WAS SILENT AND GLOOMY BEING TENANTED SOLELY BY THE CAPTIVE AND LIGHTED BY THE DYING EMBERS OF A FIRE WHICH HAD BEEN USED FOR THE PURPOSED OF COOKERY
1320-122617-0027,1320,M,5.69,AS SOON AS THESE DISPOSITIONS WERE MADE THE SCOUT TURNED TO DAVID AND GAVE HIM HIS PARTING INSTRUCTIONS
1320-122617-0032,1320,M,11.28,KEEP SILENT AS LONG AS MAY BE AND IT WOULD BE WISE WHEN YOU DO SPEAK TO BREAK OUT SUDDENLY IN ONE OF YOUR SHOUTINGS WHICH WILL SERVE TO REMIND THE INDIANS THAT YOU ARE NOT ALTOGETHER AS RESPONSIBLE AS MEN SHOULD BE
1320-122617-0037,1320,M,7.18,THE DELAWARE DOG HE SAID LEANING FORWARD AND PEERING THROUGH THE DIM LIGHT TO CATCH THE EXPRESSION OF THE OTHER'S FEATURES IS HE AFRAID
1320-122617-0041,1320,M,4.15,UNCAS CAST HIS SKIN AND STEPPED FORTH IN HIS OWN BEAUTIFUL PROPORTIONS
1580-141083-0006,1580,F,10.85,THE ONLY DUPLICATE WHICH EXISTED SO FAR AS I KNEW WAS THAT WHICH BELONGED TO MY SERVANT BANNISTER A MAN WHO HAS LOOKED AFTER MY ROOM FOR TEN YEARS AND WHOSE HONESTY IS ABSOLUTELY ABOVE SUSPICION
1580-141083-0007,1580,F,4.57,THE MOMENT I LOOKED AT MY TABLE I WAS AWARE THAT SOMEONE HAD RUMMAGED AMONG MY PAPERS
1580-141083-0010,1580,F,5.32,I GAVE HIM A LITTLE BRANDY AND LEFT HIM COLLAPSED IN A CHAIR WHILE I MADE A MOST CAREFUL EXAMINATION OF THE ROOM
1580-141083-0016,1580,F,4.25,I WAS IN SUCH A HURRY TO COME TO YOU YOU LEFT YOUR DOOR OPEN
1580-141083-0027,1580,F,5.22,HOW LONG WOULD IT TAKE HIM TO DO THAT USING EVERY POSSIBLE CONTRACTION A QUARTER OF AN HOUR NOT LESS
1580-141083-0044,1580,F,5.5,I DARE NOT GO SO FAR AS THAT BUT OF THE THREE HE IS PERHAPS THE LEAST UNLIKELY
1580-141084-0002,1580,F,5.91,THIS SET OF ROOMS IS QUITE THE OLDEST IN THE COLLEGE AND IT IS NOT UNUSUAL FOR VISITORS TO GO OVER THEM
1580-141084-0009,1580,F,4.68,IT IS POSSIBLE THAT I MAY BE IN A POSITION THEN TO INDICATE SOME COURSE OF ACTION
1580-141084-0010,1580,F,4.47,I WILL TAKE THE BLACK CLAY WITH ME ALSO THE PENCIL CUTTINGS GOOD BYE
1580-141084-0042,1580,F,5.06,A SUDDEN IMPULSE CAME OVER HIM TO ENTER AND SEE IF THEY WERE INDEED THE PROOFS
1995-1826-0002,1995,F,4.61,JOHN TAYLOR WHO HAD SUPPORTED HER THROUGH COLLEGE WAS INTERESTED IN COTTON
1995-1826-0009,1995,F,7.57,YOU OUGHT TO KNOW JOHN IF I TEACH NEGROES I'LL SCARCELY SEE MUCH OF PEOPLE IN MY OWN CLASS
1995-1826-0018,1995,F,5.01,HER REGARD SHIFTED TO THE GREEN STALKS AND LEAVES AGAIN AND SHE STARTED TO MOVE AWAY
1995-1826-0021,1995,F,11.41,DON'T KNOW WELL OF ALL THINGS INWARDLY COMMENTED MISS TAYLOR LITERALLY BORN IN COTTON AND OH WELL AS MUCH AS TO ASK WHAT'S THE USE SHE TURNED AGAIN TO GO
1995-1826-0023,1995,F,8.14,GOOBERS DON'T GROW ON THE TOPS OF VINES BUT UNDERGROUND ON THE ROOTS LIKE YAMS IS THAT SO
1995-1836-0005,1995,F,10.9,MISSUS GREY HAD MET SOUTHERNERS BEFORE BUT NOT INTIMATELY AND SHE ALWAYS HAD IN MIND VIVIDLY THEIR CRUELTY TO POOR NEGROES A SUBJECT SHE MADE A POINT OF INTRODUCING FORTHWITH
1995-1837-0001,1995,F,8.73,IT WAS THE FIRST GREAT SORROW OF HIS LIFE IT WAS NOT SO MUCH THE LOSS OF THE COTTON ITSELF BUT THE FANTASY THE HOPES THE DREAMS BUILT AROUND IT
1995-1837-0014,1995,F,12.46,HE STOOD A MOMENT BEWILDERED THEN TURNED AND RUSHED UPON THE ISLAND A GREAT SHEET OF DAZZLING SUNLIGHT SWEPT THE PLACE AND BENEATH LAY A MIGHTY MASS OF OLIVE GREEN THICK TALL WET AND WILLOWY
1995-1837-0018,1995,F,12.82,HERE LAY THE READING OF THE RIDDLE WITH INFINITE WORK AND PAIN SOME ONE HAD DUG A CANAL FROM THE LAGOON TO THE CREEK INTO WHICH THE FORMER HAD DRAINED BY A LONG AND CROOKED WAY THUS ALLOWING IT TO EMPTY DIRECTLY
1995-1837-0026,1995,F,8.1,SHE HAD BEEN BORN WITHIN ITS BORDERS WITHIN ITS BORDERS SHE HAD LIVED AND GROWN AND WITHIN ITS BORDERS SHE HAD MET HER LOVE
2094-142345-0001,2094,F,8.03,BUT THE WINDOWS ARE PATCHED WITH WOODEN PANES AND THE DOOR I THINK IS LIKE THE GATE IT IS NEVER OPENED
2094-142345-0013,2094,F,14.25,HER TONGUE WAS NOT LESS KEEN THAN HER EYE AND WHENEVER A DAMSEL CAME WITHIN EARSHOT SEEMED TO TAKE UP AN UNFINISHED LECTURE AS A BARREL ORGAN TAKES UP A TUNE PRECISELY AT THE POINT WHERE IT HAD LEFT OFF
2094-142345-0021,2094,F,5.33,THAT'S THE WAY WITH YOU THAT'S THE ROAD YOU'D ALL LIKE TO GO HEADLONGS TO RUIN
2094-142345-0024,2094,F,5.27,MUNNY MY IRON'S TWITE TOLD PEASE PUT IT DOWN TO WARM
2094-142345-0028,2094,F,6.84,NO NO NO TOTTY UD GET HER FEET WET SAID MISSUS POYSER CARRYING AWAY HER IRON
2094-142345-0034,2094,F,7.99,AND THERE'S LINEN IN THE HOUSE AS I COULD WELL SPARE YOU FOR I'VE GOT LOTS O SHEETING AND TABLE CLOTHING AND TOWELLING AS ISN'T MADE UP
2094-142345-0036,2094,F,6.92,NAY DEAR AUNT YOU NEVER HEARD ME SAY THAT ALL PEOPLE ARE CALLED TO FORSAKE THEIR WORK AND THEIR FAMILIES
2094-142345-0037,2094,F,10.49,WE CAN ALL BE SERVANTS OF GOD WHEREVER OUR LOT IS CAST BUT HE GIVES US DIFFERENT SORTS OF WORK ACCORDING AS HE FITS US FOR IT AND CALLS US TO IT
2094-142345-0049,2094,F,6.12,NO SIR HE ISN'T HE'S GONE TO ROSSETER TO SEE MISTER WEST THE FACTOR ABOUT THE WOOL
2094-142345-0052,2094,F,6.53,I MUST COME ANOTHER DAY AND SEE YOUR HUSBAND I WANT TO HAVE A CONSULTATION WITH HIM ABOUT HORSES
2300-131720-0001,2300,M,14.63,THE LONDON PLANT WAS LESS TEMPORARY BUT NOT PERMANENT SUPPLYING BEFORE IT WAS TORN OUT NO FEWER THAN THREE THOUSAND LAMPS IN HOTELS CHURCHES STORES AND DWELLINGS IN THE VICINITY OF HOLBORN VIADUCT
2300-131720-0002,2300,M,13.12,THERE MESSRS JOHNSON AND HAMMER PUT INTO PRACTICE MANY OF THE IDEAS NOW STANDARD IN THE ART AND SECURED MUCH USEFUL DATA FOR THE WORK IN NEW YORK OF WHICH THE STORY HAS JUST BEEN TOLD
2300-131720-0005,2300,M,6.9,WHY IF WE ERECT A STATION AT THE FALLS IT IS A GREAT ECONOMY TO GET IT UP TO THE CITY
2300-131720-0010,2300,M,10.82,IT COULD NOT BE USED FOR ELECTROPLATING OR DEPOSITION NOR COULD IT CHARGE STORAGE BATTERIES ALL OF WHICH ARE EASILY WITHIN THE ABILITY OF THE DIRECT CURRENT
2300-131720-0012,2300,M,11.14,EDISON WAS INTOLERANT OF SHAM AND SHODDY AND NOTHING WOULD SATISFY HIM THAT COULD NOT STAND CROSS EXAMINATION BY MICROSCOPE TEST TUBE AND GALVANOMETER
2300-131720-0013,2300,M,13.89,UNLESS HE COULD SECURE AN ENGINE OF SMOOTHER RUNNING AND MORE EXACTLY GOVERNED AND REGULATED THAN THOSE AVAILABLE FOR HIS DYNAMO AND LAMP EDISON REALIZED THAT HE WOULD FIND IT ALMOST IMPOSSIBLE TO GIVE A STEADY LIGHT
2300-131720-0021,2300,M,10.95,THE STREET CONDUCTORS WERE OF THE OVERHEAD POLE LINE CONSTRUCTION AND WERE INSTALLED BY THE CONSTRUCTION COMPANY THAT HAD BEEN ORGANIZED BY EDISON TO BUILD AND EQUIP CENTRAL STATIONS
2300-131720-0034,2300,M,8.61,THE OTHERS HAVING BEEN IN OPERATION TOO SHORT A TIME TO SHOW DEFINITE RESULTS ALTHOUGH THEY ALSO WENT QUICKLY TO A DIVIDEND BASIS
2300-131720-0037,2300,M,7.96,HE WEIGHED AND REWEIGHED THE METER PLATES AND PURSUED EVERY LINE OF INVESTIGATION IMAGINABLE BUT ALL IN VAIN
2300-131720-0040,2300,M,5.46,WE WERE MORE INTERESTED IN THE TECHNICAL CONDITION OF THE STATION THAN IN THE COMMERCIAL PART
237-126133-0006,237,F,6.15,AT THIS THE BUNDLE OPENED SUDDENLY AND OUT POPPED PHRONSIE
237-126133-0019,237,F,7.12,DEAR ME EJACULATED THE OLD GENTLEMAN IN THE UTMOST AMAZEMENT AND SUCH A TIME AS I'VE HAD TO GET HER HERE TOO
237-126133-0021,237,F,4.37,SHE ASKED IMPULSIVELY I DIDN'T BELIEVE YOU COULD PERSUADE HER FATHER
237-126133-0022,237,F,5.04,I DIDN'T HAVE ANY FEARS IF I WORKED IT RIGHTLY SAID THE OLD GENTLEMAN COMPLACENTLY
237-134493-0016,237,F,10.09,ON EITHER SIDE OF THE ROAD FOR A MILE BEFORE YOU REACHED THE FOOT OF THE HILL STOOD TALL OSAGE ORANGE HEDGES THEIR GLOSSY GREEN MARKING OFF THE YELLOW FIELDS
237-134493-0018,237,F,4.79,THERE IS EVEN A WHITE ROW OF BEEHIVES IN THE ORCHARD UNDER THE WALNUT TREES
237-134500-0010,237,F,4.0,IT'S EXCITING TO SEE EVERYTHING GROWING SO FAST AND TO GET THE GRASS CUT
237-134500-0013,237,F,10.56,MARIE PICKED CHERRIES AND SANG SOFTLY TO HERSELF STRIPPING ONE GLITTERING BRANCH AFTER ANOTHER SHIVERING WHEN SHE CAUGHT A SHOWER OF RAINDROPS ON HER NECK AND HAIR
237-134500-0014,237,F,4.25,AND EMIL MOWED HIS WAY SLOWLY DOWN TOWARD THE CHERRY TREES
237-134500-0018,237,F,12.85,HE REACHED UP AMONG THE BRANCHES AND BEGAN TO PICK THE SWEET INSIPID FRUIT LONG IVORY COLORED BERRIES TIPPED WITH FAINT PINK LIKE WHITE CORAL THAT FALL TO THE GROUND UNHEEDED ALL SUMMER THROUGH
260-123286-0000,260,M,7.04,SATURDAY AUGUST FIFTEENTH THE SEA UNBROKEN ALL ROUND NO LAND IN SIGHT
260-123286-0003,260,M,7.37,YOU SEEM ANXIOUS MY UNCLE I SAID SEEING HIM CONTINUALLY WITH HIS GLASS TO HIS EYE ANXIOUS
260-123286-0028,260,M,7.46,ITS JAW IS ENORMOUS AND ACCORDING TO NATURALISTS IT IS ARMED WITH NO LESS THAN ONE HUNDRED AND EIGHTY TWO TEETH
260-123286-0030,260,M,7.53,SUDDENLY THE ICHTHYOSAURUS AND THE PLESIOSAURUS DISAPPEAR BELOW LEAVING A WHIRLPOOL EDDYING IN THE WATER
260-123286-0031,260,M,5.06,AS FOR THE ICHTHYOSAURUS HAS HE RETURNED TO HIS SUBMARINE CAVERN
260-123288-0001,260,M,5.08,THE WEATHER IF WE MAY USE THAT TERM WILL CHANGE BEFORE LONG
260-123288-0025,260,M,13.45,HERE IT COMES THERE IT GLIDES NOW IT IS UP THE RAGGED STUMP OF THE MAST THENCE IT LIGHTLY LEAPS ON THE PROVISION BAG DESCENDS WITH A LIGHT BOUND AND JUST SKIMS THE POWDER MAGAZINE HORRIBLE
260-123440-0012,260,M,5.25,IT'LL BE NO USE THEIR PUTTING THEIR HEADS DOWN AND SAYING COME UP AGAIN DEAR
260-123440-0015,260,M,6.2,I WISH I HADN'T CRIED SO MUCH SAID ALICE AS SHE SWAM ABOUT TRYING TO FIND HER WAY OUT
260-123440-0016,260,M,4.89,I SHALL BE PUNISHED FOR IT NOW I SUPPOSE BY BEING DROWNED IN MY OWN TEARS
2830-3979-0006,2830,M,4.55,A WORD SHOULD NOW BE SAID ABOUT THE ORIGIN OF LUTHER'S COMMENTARY ON GALATIANS
2830-3979-0011,2830,M,9.45,THE LORD WHO HAS GIVEN US POWER TO TEACH AND TO HEAR LET HIM ALSO GIVE US THE POWER TO SERVE AND TO DO LUKE TWO
2830-3980-0029,2830,M,9.07,ALTHOUGH THE BRETHREN WITH ME ARE NOT APOSTLES LIKE MYSELF YET THEY ARE ALL OF ONE MIND WITH ME THINK WRITE AND TEACH AS I DO
2830-3980-0039,2830,M,5.2,THE TERMS OF GRACE AND PEACE ARE COMMON TERMS WITH PAUL AND ARE NOW PRETTY WELL UNDERSTOOD
2830-3980-0050,2830,M,7.47,DID NOT CHRIST HIMSELF SAY I AM THE WAY AND THE TRUTH AND THE LIFE NO MAN COMETH UNTO THE FATHER BUT BY ME
2830-3980-0054,2830,M,10.09,THAT CHRIST IS VERY GOD IS APPARENT IN THAT PAUL ASCRIBES TO HIM DIVINE POWERS EQUALLY WITH THE FATHER AS FOR INSTANCE THE POWER TO DISPENSE GRACE AND PEACE
2830-3980-0055,2830,M,7.33,TO BESTOW PEACE AND GRACE LIES IN THE PROVINCE OF GOD WHO ALONE CAN CREATE THESE BLESSINGS THE ANGELS CANNOT
2830-3980-0057,2830,M,8.07,THE ARIANS TOOK CHRIST FOR A NOBLE AND PERFECT CREATURE SUPERIOR EVEN TO THE ANGELS BECAUSE BY HIM GOD CREATED HEAVEN AND EARTH
2830-3980-0062,2830,M,5.44,NOT FOR A CROWN OR A KINGDOM OR OUR GOODNESS BUT FOR OUR SINS
2830-3980-0066,2830,M,6.08,SINCE CHRIST WAS GIVEN FOR OUR SINS IT STANDS TO REASON THAT THEY CANNOT BE PUT AWAY BY OUR OWN EFFORTS
2961-960-0004,2961,F,8.22,THERE IS NO DANGER OF THE MODERN COMMENTATORS ON THE TIMAEUS FALLING INTO THE ABSURDITIES OF THE NEO PLATONISTS
2961-960-0016,2961,F,7.76,BUT PLATO HAS NOT THE SAME MASTERY OVER HIS INSTRUMENT WHICH HE EXHIBITS IN THE PHAEDRUS OR SYMPOSIUM
2961-961-0001,2961,F,9.19,AND NOW HE DESIRES TO SEE THE IDEAL STATE SET IN MOTION HE WOULD LIKE TO KNOW HOW SHE BEHAVED IN SOME GREAT STRUGGLE
2961-961-0003,2961,F,4.73,I WILL IF TIMAEUS APPROVES I APPROVE
2961-961-0004,2961,F,11.48,LISTEN THEN SOCRATES TO A TALE OF SOLON'S WHO BEING THE FRIEND OF DROPIDAS MY GREAT GRANDFATHER TOLD IT TO MY GRANDFATHER CRITIAS AND HE TOLD ME
2961-961-0009,2961,F,5.71,TELL US SAID THE OTHER THE WHOLE STORY AND WHERE SOLON HEARD THE STORY
2961-961-0010,2961,F,7.83,BUT IN EGYPT THE TRADITIONS OF OUR OWN AND OTHER LANDS ARE BY US REGISTERED FOR EVER IN OUR TEMPLES
2961-961-0011,2961,F,7.82,THE GENEALOGIES WHICH YOU HAVE RECITED TO US OUT OF YOUR OWN ANNALS SOLON ARE A MERE CHILDREN'S STORY
2961-961-0014,2961,F,9.56,NINE THOUSAND YEARS HAVE ELAPSED SINCE SHE FOUNDED YOURS AND EIGHT THOUSAND SINCE SHE FOUNDED OURS AS OUR ANNALS RECORD
2961-961-0017,2961,F,9.73,OBSERVE AGAIN WHAT CARE THE LAW TOOK IN THE PURSUIT OF WISDOM SEARCHING OUT THE DEEP THINGS OF THE WORLD AND APPLYING THEM TO THE USE OF MAN
3570-5694-0006,3570,F,14.51,DRUNKENNESS AND THE OTHER PATHOLOGICAL CONSEQUENCES OF THE FREE USE OF STIMULANTS THEREFORE TEND IN THEIR TURN TO BECOME HONORIFIC AS BEING A MARK AT THE SECOND REMOVE OF THE SUPERIOR STATUS OF THOSE WHO ARE ABLE TO AFFORD THE INDULGENCE
3570-5694-0007,3570,F,10.54,IT HAS EVEN HAPPENED THAT THE NAME FOR CERTAIN DISEASED CONDITIONS OF THE BODY ARISING FROM SUCH AN ORIGIN HAS PASSED INTO EVERYDAY SPEECH AS A SYNONYM FOR NOBLE OR GENTLE
3570-5694-0009,3570,F,12.61,WITH MANY QUALIFICATIONS WITH MORE QUALIFICATIONS AS THE PATRIARCHAL TRADITION HAS GRADUALLY WEAKENED THE GENERAL RULE IS FELT TO BE RIGHT AND BINDING THAT WOMEN SHOULD CONSUME ONLY FOR THE BENEFIT OF THEIR MASTERS
3570-5694-0010,3570,F,13.01,THE OBJECTION OF COURSE PRESENTS ITSELF THAT EXPENDITURE ON WOMEN'S DRESS AND HOUSEHOLD PARAPHERNALIA IS AN OBVIOUS EXCEPTION TO THIS RULE BUT IT WILL APPEAR IN THE SEQUEL THAT THIS EXCEPTION IS MUCH MORE OBVIOUS THAN SUBSTANTIAL
3570-5694-0015,3570,F,8.44,SO MANY OF THEM HOWEVER AS MAKE UP THE RETAINER AND HANGERS ON OF THE PATRON MAY BE CLASSED AS VICARIOUS CONSUMER WITHOUT QUALIFICATION
3570-5694-0018,3570,F,7.82,THE WEARERS OF UNIFORMS AND LIVERIES MAY BE ROUGHLY DIVIDED INTO TWO CLASSES THE FREE AND THE SERVILE OR THE NOBLE AND THE IGNOBLE
3570-5695-0001,3570,F,14.71,THE DEPENDENT WHO WAS FIRST DELEGATED FOR THESE DUTIES WAS THE WIFE OR THE CHIEF WIFE AND AS WOULD BE EXPECTED IN THE LATER DEVELOPMENT OF THE INSTITUTION WHEN THE NUMBER OF PERSONS BY WHOM THESE DUTIES ARE CUSTOMARILY PERFORMED GRADUALLY NARROWS THE WIFE REMAINS THE LAST
3570-5695-0014,3570,F,10.54,AMONG THE COUNTRY POPULATION ITS PLACE IS TO SOME EXTENT TAKEN BY SAVINGS AND HOME COMFORTS KNOWN THROUGH THE MEDIUM OF NEIGHBORHOOD GOSSIP SUFFICIENTLY TO SERVE THE LIKE GENERAL PURPOSE OF PECUNIARY REPUTE
3570-5696-0000,3570,F,11.41,UNDER THE SIMPLE TEST OF EFFECTIVENESS FOR ADVERTISING WE SHOULD EXPECT TO FIND LEISURE AND THE CONSPICUOUS CONSUMPTION OF GOODS DIVIDING THE FIELD OF PECUNIARY EMULATION PRETTY EVENLY BETWEEN THEM AT THE OUTSET
3570-5696-0008,3570,F,7.26,BUT IT IS ON OTHER GROUNDS WORTH NOTING THAT THE TERM WASTE IN THE LANGUAGE OF EVERYDAY LIFE IMPLIES DEPRECATION OF WHAT IS CHARACTERIZED AS WASTEFUL
3575-170457-0000,3575,F,8.23,AND OFTEN HAS MY MOTHER SAID WHILE ON HER LAP I LAID MY HEAD SHE FEARED FOR TIME I WAS NOT MADE BUT FOR ETERNITY
3575-170457-0005,3575,F,7.34,SHE A TORY AND CLERGYMAN'S DAUGHTER WAS ALWAYS IN A MINORITY OF ONE IN OUR HOUSE OF VIOLENT DISSENT AND RADICALISM
3575-170457-0008,3575,F,13.55,AND SO LIFE AND DEATH HAVE DISPERSED THE CIRCLE OF VIOLENT RADICALS AND DISSENTERS INTO WHICH TWENTY YEARS AGO THE LITTLE QUIET RESOLUTE CLERGYMAN'S DAUGHTER WAS RECEIVED AND BY WHOM SHE WAS TRULY LOVED AND HONOURED
3575-170457-0011,3575,F,7.01,BUT IT IS NOT WITH A VIEW TO DISTINCTION THAT YOU SHOULD CULTIVATE THIS TALENT IF YOU CONSULT YOUR OWN HAPPINESS
3575-170457-0014,3575,F,6.68,TO THOSE DUTIES YOU HAVE NOT YET BEEN CALLED AND WHEN YOU ARE YOU WILL BE LESS EAGER FOR CELEBRITY
3575-170457-0020,3575,F,8.64,I KNOW THE FIRST LETTER I WROTE TO YOU WAS ALL SENSELESS TRASH FROM BEGINNING TO END BUT I AM NOT ALTOGETHER THE IDLE DREAMING BEING IT WOULD SEEM TO DENOTE
3575-170457-0031,3575,F,4.0,ON AUGUST TWENTY SEVENTH EIGHTEEN THIRTY SEVEN SHE WRITES
3575-170457-0040,3575,F,6.91,INDEED THERE WERE ONLY ONE OR TWO STRANGERS WHO COULD BE ADMITTED AMONG THE SISTERS WITHOUT PRODUCING THE SAME RESULT
3575-170457-0044,3575,F,9.72,AFTER THIS DISAPPOINTMENT I NEVER DARE RECKON WITH CERTAINTY ON THE ENJOYMENT OF A PLEASURE AGAIN IT SEEMS AS IF SOME FATALITY STOOD BETWEEN YOU AND ME
3575-170457-0045,3575,F,6.52,I AM NOT GOOD ENOUGH FOR YOU AND YOU MUST BE KEPT FROM THE CONTAMINATION OF TOO INTIMATE SOCIETY
3729-6852-0002,3729,F,8.78,IN ORDER TO PLEASE HER I SPOKE TO HER OF THE ABBE CONTI AND I HAD OCCASION TO QUOTE TWO LINES OF THAT PROFOUND WRITER
3729-6852-0011,3729,F,7.37,I HAD A NAME I BELIEVE IN MY YOUNG DAYS BUT I HAVE FORGOTTEN IT SINCE I HAVE BEEN IN SERVICE
3729-6852-0014,3729,F,5.71,HERE GO AND GET ME CHANGE FOR A LOUIS I HAVE IT SIR
3729-6852-0016,3729,F,4.2,MADAME QUINSON BESIDES CAN ANSWER YOUR ENQUIRIES
3729-6852-0022,3729,F,8.31,I ADDRESS HIM IN ITALIAN AND HE ANSWERS VERY WITTILY BUT HIS WAY OF SPEAKING MAKES ME SMILE AND I TELL HIM WHY
3729-6852-0026,3729,F,4.69,YES BUT THE MERIDIAN OF THE PALAIS ROYAL IS THE MOST EXACT
3729-6852-0037,3729,F,5.89,SHE INTRODUCED ME TO ALL HER GUESTS AND GAVE ME SOME PARTICULARS RESPECTING EVERY ONE OF THEM
3729-6852-0039,3729,F,8.82,HE HIMSELF RECITED THE SAME PASSAGE IN FRENCH AND POLITELY POINTED OUT THE PARTS IN WHICH HE THOUGHT THAT I HAD IMPROVED ON THE ORIGINAL
3729-6852-0040,3729,F,10.66,FOR THE FIRST DAY SIR I THINK THAT WHAT YOU HAVE DONE GIVES GREAT HOPES OF YOU AND WITHOUT ANY DOUBT YOU WILL MAKE RAPID PROGRESS
3729-6852-0046,3729,F,12.61,HIS HOUSEKEEPER HAD THE MANAGEMENT OF EVERYTHING SHE NEVER ALLOWED HIM TO BE IN NEED OF ANYTHING AND SHE GAVE NO ACCOUNT OF HIS MONEY WHICH SHE KEPT ALTOGETHER BECAUSE HE NEVER ASKED HER TO RENDER ANY ACCOUNTS
4077-13751-0002,4077,M,9.75,INSTEAD OF BUT SIX REGULARLY AFFILIATED MEMBERS AND AT MOST TWO SCORE OF ADHERENTS THE ORGANIZATION NUMBERS TODAY MANY HUNDRED THOUSAND SOULS
4077-13751-0006,4077,M,13.06,THEIR EYES WERE FROM THE FIRST TURNED IN ANTICIPATION TOWARD THE EVENING SUN NOT MERELY THAT THE WORK OF PROSELYTING SHOULD BE CARRIED ON IN THE WEST BUT THAT THE HEADQUARTERS OF THE CHURCH SHOULD BE THERE ESTABLISHED
4077-13751-0008,4077,M,10.55,IT IS NOTABLE THAT THE INDIAN TRIBES HAVE GENERALLY REGARDED THE RELIGION OF THE LATTER DAY SAINTS WITH FAVOR SEEING IN THE BOOK OF MORMON STRIKING AGREEMENT WITH THEIR OWN TRADITIONS
4077-13751-0010,4077,M,6.72,TO THE FERVENT LATTER DAY SAINT A TEMPLE IS NOT SIMPLY A CHURCH BUILDING A HOUSE FOR RELIGIOUS ASSEMBLY
4077-13751-0013,4077,M,4.32,THEIR SUFFERINGS HAVE NEVER YET BEEN FITLY CHRONICLED BY HUMAN SCRIBE
4077-13751-0015,4077,M,13.47,A SMALL SETTLEMENT HAD BEEN FOUNDED BY MORMON FAMILIES ON SHOAL CREEK AND HERE ON THE THIRTIETH OF OCTOBER EIGHTEEN THIRTY EIGHT A COMPANY OF TWO HUNDRED AND FORTY FELL UPON THE HAPLESS SETTLERS AND BUTCHERED A SCORE
4077-13751-0020,4077,M,10.29,AS A SAMPLE OF THE PRESS COMMENTS AGAINST THE BRUTALITY OF THE MISSOURIANS I QUOTE A PARAGRAPH FROM THE QUINCY ARGUS MARCH SIXTEENTH EIGHTEEN THIRTY NINE
4077-13754-0000,4077,M,4.78,THE ARMY FOUND THE PEOPLE IN POVERTY AND LEFT THEM IN COMPARATIVE WEALTH
4077-13754-0003,4077,M,5.68,MOREOVER HAD THE PEOPLE BEEN INCLINED TO REBELLION WHAT GREATER OPPORTUNITY COULD THEY HAVE WISHED
4077-13754-0010,4077,M,11.96,IN EIGHTEEN SIXTY TWO A LAW WAS ENACTED WITH THE PURPOSE OF SUPPRESSING PLURAL MARRIAGE AND AS HAD BEEN PREDICTED IN THE NATIONAL SENATE PRIOR TO ITS PASSAGE IT LAY FOR MANY YEARS A DEAD LETTER
4446-2273-0001,4446,F,4.66,THEY ASKED HIM TO COME TO SEE THEM IN CHELSEA AND THEY SPOKE VERY TENDERLY OF HILDA
4446-2273-0008,4446,F,7.71,I'VE MANAGED TO SAVE SOMETHING EVERY YEAR AND THAT WITH HELPING MY THREE SISTERS NOW AND THEN AND TIDING POOR COUSIN MIKE OVER BAD SEASONS
4446-2273-0022,4446,F,5.87,THEY WERE BOTH REMEMBERING WHAT THE WOMAN HAD SAID WHEN SHE TOOK THE MONEY GOD GIVE YOU A HAPPY LOVE
4446-2273-0032,4446,F,7.83,HE STOOD A LITTLE BEHIND HER AND TRIED TO STEADY HIMSELF AS HE SAID IT'S SOFT AND MISTY SEE HOW WHITE THE STARS ARE
4446-2275-0007,4446,F,8.97,SHE PUSHED HIM TOWARD THE BIG CHAIR BY THE FIRE AND SAT DOWN ON A STOOL AT THE OPPOSITE SIDE OF THE HEARTH HER KNEES DRAWN UP TO HER CHIN LAUGHING LIKE A HAPPY LITTLE GIRL
4446-2275-0026,4446,F,5.5,SHE CLOSED HER EYES AND TOOK A DEEP BREATH AS IF TO DRAW IN AGAIN THE FRAGRANCE OF THOSE DAYS
4446-2275-0029,4446,F,6.28,PLEASE TELL ME ONE THING BARTLEY AT LEAST TELL ME THAT YOU BELIEVE I THOUGHT I WAS MAKING YOU HAPPY
4446-2275-0035,4446,F,4.08,ALEXANDER ROSE AND SHOOK HIMSELF ANGRILY YES I KNOW I'M COWARDLY
4446-2275-0041,4446,F,4.75,YOU SEE LOVING SOME ONE AS I LOVE YOU MAKES THE WHOLE WORLD DIFFERENT
4446-2275-0043,4446,F,5.88,BARTLEY BENT OVER AND TOOK HER IN HIS ARMS KISSING HER MOUTH AND HER WET TIRED EYES
4507-16021-0001,4507,F,11.32,IT ENGENDERS A WHOLE WORLD LA PEGRE FOR WHICH READ THEFT AND A HELL LA PEGRENNE FOR WHICH READ HUNGER
4507-16021-0005,4507,F,4.21,WE HAVE NEVER UNDERSTOOD THIS SORT OF OBJECTIONS
4507-16021-0021,4507,F,14.48,THE PAINTER WHO SAYS MY GRINDER THE NOTARY WHO SAYS MY SKIP THE GUTTER THE HAIRDRESSER WHO SAYS MY MEALYBACK THE COBBLER WHO SAYS MY CUB TALKS SLANG
4507-16021-0030,4507,F,14.79,ASSUREDLY IF THE TONGUE WHICH A NATION OR A PROVINCE HAS SPOKEN IS WORTHY OF INTEREST THE LANGUAGE WHICH HAS BEEN SPOKEN BY A MISERY IS STILL MORE WORTHY OF ATTENTION AND STUDY
4507-16021-0031,4507,F,14.31,AND THEN WE INSIST UPON IT THE STUDY OF SOCIAL DEFORMITIES AND INFIRMITIES AND THE TASK OF POINTING THEM OUT WITH A VIEW TO REMEDY IS NOT A BUSINESS IN WHICH CHOICE IS PERMITTED
4507-16021-0046,4507,F,4.59,EACH DAY HAS ITS OWN GREAT GRIEF OR ITS LITTLE CARE
4507-16021-0052,4507,F,6.28,THE REAL HUMAN DIVISION IS THIS THE LUMINOUS AND THE SHADY
4507-16021-0053,4507,F,8.1,TO DIMINISH THE NUMBER OF THE SHADY TO AUGMENT THE NUMBER OF THE LUMINOUS THAT IS THE OBJECT
4507-16021-0056,4507,F,6.34,HOWEVER HE WHO SAYS LIGHT DOES NOT NECESSARILY SAY JOY
4507-16021-0057,4507,F,4.61,PEOPLE SUFFER IN THE LIGHT EXCESS BURNS
4970-29093-0002,4970,F,10.73,HE HAS NO TRADITIONS TO BIND HIM OR GUIDE HIM AND HIS IMPULSE IS TO BREAK AWAY FROM THE OCCUPATION HIS FATHER HAS FOLLOWED AND MAKE A NEW WAY FOR HIMSELF
4970-29093-0013,4970,F,8.01,AND HE WENT BACK TO HIS BOOKS AND TO HIS WAITING FOR AN OPENING LARGE ENOUGH FOR HIS DIGNIFIED ENTRANCE INTO THE LITERARY WORLD
4970-29093-0020,4970,F,5.58,WHY IT'S IN MISSOURI SOMEWHERE ON THE FRONTIER I THINK WE'LL GET A MAP
4970-29095-0006,4970,F,4.47,IS THY FATHER WILLING THEE SHOULD GO AWAY TO A SCHOOL OF THE WORLD'S PEOPLE
4970-29095-0007,4970,F,14.81,I HAVE NOT ASKED HIM RUTH REPLIED WITH A LOOK THAT MIGHT IMPLY THAT SHE WAS ONE OF THOSE DETERMINED LITTLE BODIES WHO FIRST MADE UP HER OWN MIND AND THEN COMPELLED OTHERS TO MAKE UP THEIRS IN ACCORDANCE WITH HERS
4970-29095-0020,4970,F,12.37,THERE CERTAINLY WAS NO END TO IT AND EVEN RUTH WAS PHILADELPHIAN ENOUGH TO BELIEVE THAT A STREET OUGHT NOT TO HAVE ANY END OR ARCHITECTURAL POINT UPON WHICH THE WEARY EYE COULD REST
4970-29095-0024,4970,F,6.04,IT HAS OCCUPIED MOTHER A LONG TIME TO FIND AT THE SHOPS THE EXACT SHADE FOR HER NEW BONNET
4970-29095-0026,4970,F,10.93,IF I GO TO MEETING AT ALL I LIKE BEST TO SIT IN THE QUIET OLD HOUSE IN GERMANTOWN WHERE THE WINDOWS ARE ALL OPEN AND I CAN SEE THE TREES AND HEAR THE STIR OF THE LEAVES
4970-29095-0027,4970,F,9.79,IT'S SUCH A CRUSH AT THE YEARLY MEETING AT ARCH STREET AND THEN THERE'S THE ROW OF SLEEK LOOKING YOUNG MEN WHO LINE THE CURBSTONE AND STARE AT US AS WE COME OUT
4970-29095-0036,4970,F,5.25,HAS THEE CONSULTED THY MOTHER ABOUT A CAREER I SUPPOSE IT IS A CAREER THEE WANTS
4992-23283-0004,4992,F,8.06,AND YET YOU MUST OWN HER BEHAVIOUR HAS WARRANTED THEM HAS IT NOT BEEN IN THIS PARTICULAR INCOHERENT AND UNACCOUNTABLE
4992-23283-0011,4992,F,4.22,IF SHE DOES NOT KNOW HOW TO ESTIMATE HER OWN VALUE I DO
4992-23283-0013,4992,F,6.63,MY LORD MISS MILNER'S TASTE IS NOT A DEPRAVED ONE IT IS BUT TOO REFINED
4992-41797-0007,4992,F,6.91,HE GIVE UP HIS POSITION AND SHUT THE FAMILY UP IN THAT TOMB OF A HOUSE SO T HE COULD STUDY HIS BOOKS
4992-41797-0010,4992,F,6.82,ALWAYS IRRITABLE COLD INDIFFERENT HE HAD GROWN RAPIDLY MORE SO AS YEARS WENT ON
4992-41797-0017,4992,F,8.69,HE WOULDN'T SEARCH SO DON'T WORRY REPLIED CYRIL QUIETLY AND THE TWO LOOKED AT EACH OTHER AND KNEW THAT IT WAS SO
4992-41806-0003,4992,F,9.24,KATHLEEN WAVED THE TORCH TO AND FRO AS SHE RECITED SOME BEAUTIFUL LINES WRITTEN FOR SOME SUCH PURPOSE AS THAT WHICH CALLED THEM TOGETHER TO NIGHT
4992-41806-0008,4992,F,11.82,OLIVE HAS ANOTHER LOVELY GIFT FOR THE YELLOW HOUSE SAID MOTHER CAREY RISING AND TO CARRY OUT THE NEXT PART OF THE PROGRAMME WE SHALL HAVE TO GO IN PROCESSION UPSTAIRS TO MY BEDROOM
4992-41806-0013,4992,F,6.02,APPROACHING THE DINING TABLE HE CAREFULLY PLACED THE ARTICLE IN THE CENTRE AND REMOVED THE CLOTH
4992-41806-0017,4992,F,10.89,WE SHUT OUR EYES THE FLOWERS BLOOM ON WE MURMUR BUT THE CORN EARS FILL WE CHOOSE THE SHADOW BUT THE SUN THAT CASTS IT SHINES BEHIND US STILL
5105-28233-0001,5105,M,4.49,HE SEEMED BORN TO PLEASE WITHOUT BEING CONSCIOUS OF THE POWER HE POSSESSED
5105-28233-0004,5105,M,4.74,ONCE IN ACTION HE WAS LEADING A DETACHMENT OF INFANTRY THROUGH AN INTRENCHMENT
5105-28240-0006,5105,M,13.88,THE WIND BEING ADVERSE THE DOBRYNA DID NOT MAKE VERY RAPID PROGRESS BUT AS THE WEATHER IN SPITE OF A FEW CLOUDS REMAINED CALM AND THE SEA WAS QUITE SMOOTH SHE WAS ENABLED TO HOLD A STEADY COURSE
5105-28240-0007,5105,M,4.62,SERVADAC TOOK IT FOR GRANTED THAT THE DOBRYNA WAS ENDEAVORING TO PUT IN
5105-28240-0009,5105,M,11.65,SLIGHTLY CHANGING HER COURSE SHE FIRST STRUCK HER MAINSAIL AND IN ORDER TO FACILITATE THE MOVEMENTS OF HER HELMSMAN SOON CARRIED NOTHING BUT HER TWO TOPSAILS BRIGANTINE AND JIB
5105-28240-0012,5105,M,4.73,NEVER MIND NOW INTERPOSED THE CAPTAIN WE WILL TALK OF THAT BY AND BY
5105-28240-0016,5105,M,4.17,TO ALL THESE INQUIRIES THE COUNT RESPONDED IN THE AFFIRMATIVE
5105-28240-0022,5105,M,4.72,IT WAS ON THE LAST DAY OF JANUARY THAT THE REPAIRS OF THE SCHOONER WERE COMPLETED
5105-28240-0024,5105,M,8.2,DOUBTS NOW AROSE AND SOME DISCUSSION FOLLOWED WHETHER OR NOT IT WAS DESIRABLE FOR BEN ZOOF TO ACCOMPANY HIS MASTER
5105-28241-0005,5105,M,8.41,FOR A FEW MILES SHE FOLLOWED THE LINE HITHERTO PRESUMABLY OCCUPIED BY THE COAST OF ALGERIA BUT NO LAND APPEARED TO THE SOUTH
5142-33396-0012,5142,F,4.59,THEN I WILL GET ME A FARM AND WILL WINTER IN THAT LAND NOW WHO WILL FOLLOW ME
5142-33396-0015,5142,F,4.31,AS OUR BOAT FLASHED DOWN THE ROLLERS INTO THE WATER I MADE THIS SONG AND SANG IT
5142-33396-0019,5142,F,4.99,OH IT IS BETTER TO LIVE ON THE SEA AND LET OTHER MEN RAISE YOUR CROPS AND COOK YOUR MEALS
5142-33396-0024,5142,F,5.34,I STOOD WITH MY BACK TO THE WALL FOR I WANTED NO SWORD REACHING OUT OF THE DARK FOR ME
5142-33396-0032,5142,F,9.79,THE FARMER SAT GLOOMILY ON THE BENCH AND WOULD NOT EAT AND YOU CANNOT WONDER FOR HE SAW US PUTTING POTFULS OF HIS GOOD BEEF AND BASKET LOADS OF BREAD INTO OUR BIG MOUTHS
5142-33396-0054,5142,F,5.75,THAT IS THE BEST WAY TO DECIDE FOR THE SPEAR WILL ALWAYS POINT SOMEWHERE AND ONE THING IS AS GOOD AS ANOTHER
5142-36377-0001,5142,F,5.39,IN FIVE MINUTES I WAS IN A NEW WORLD AND MY MELANCHOLY ROOM WAS FULL OF THE LIVELIEST FRENCH COMPANY
5142-36377-0006,5142,F,4.63,A NEW MEMBER OF THE FAMILY CIRCLE WHO INSTANTLY ATTRACTED MY ATTENTION ENTERED THE ROOM
5142-36377-0018,5142,F,4.97,HE LOOKED UP AT NAOMI DOUBTINGLY FROM HIS PLATE AND LOOKED DOWN AGAIN SLOWLY WITH A FROWN
5142-36377-0023,5142,F,5.79,YOU WERE QUITE RIGHT TO SAY NO AMBROSE BEGAN NEVER SMOKE WITH JOHN JAGO HIS CIGARS WILL POISON YOU
5639-40744-0002,5639,M,8.91,RODOLFO AND HIS COMPANIONS WITH THEIR FACES MUFFLED IN THEIR CLOAKS STARED RUDELY AND INSOLENTLY AT THE MOTHER THE DAUGHTER AND THE SERVANT MAID
5639-40744-0007,5639,M,5.83,MEANWHILE RODOLFO HAD LEOCADIA SAFE IN HIS CUSTODY AND IN HIS OWN APARTMENT
5639-40744-0012,5639,M,8.6,SHE SUCCEEDED IN OPENING THE WINDOW AND THE MOONLIGHT SHONE IN SO BRIGHTLY THAT SHE COULD DISTINGUISH THE COLOUR OF SOME DAMASK HANGINGS IN THE ROOM
5639-40744-0013,5639,M,6.87,SHE SAW THAT THE BED WAS GILDED AND SO RICH THAT IT SEEMED THAT OF A PRINCE RATHER THAN OF A PRIVATE GENTLEMAN
5639-40744-0014,5639,M,7.72,AMONG OTHER THINGS ON WHICH SHE CAST HER EYES WAS A SMALL CRUCIFIX OF SOLID SILVER STANDING ON A CABINET NEAR THE WINDOW
5639-40744-0017,5639,M,5.88,CHOKING WITH EMOTION LEOCADI MADE A SIGN TO HER PARENTS THAT SHE WISHED TO BE ALONE WITH THEM
5639-40744-0024,5639,M,8.85,ONE DAY WHEN THE BOY WAS SENT BY HIS GRANDFATHER WITH A MESSAGE TO A RELATION HE PASSED ALONG A STREET IN WHICH THERE WAS A GREAT CONCOURSE OF HORSEMEN
5639-40744-0029,5639,M,7.3,THIS TRUTH WHICH I HAVE LEARNED FROM HER LIPS IS CONFIRMED BY HIS FACE IN WHICH WE HAVE BOTH BEHELD THAT OF OUR SON
5639-40744-0034,5639,M,13.05,ALL ROSE TO DO HER REVERENCE AS IF SOMETHING FROM HEAVEN HAD MIRACULOUSLY APPEARED BEFORE THEM BUT GAZING ON HER ENTRANCED WITH ADMIRATION NOT ONE OF THEM WAS ABLE TO ADDRESS A SINGLE WORD TO HER
5639-40744-0040,5639,M,12.51,THIS WAS DONE FOR THE EVENT TOOK PLACE AT A TIME WHEN THE CONSENT OF THE PARTIES WAS SUFFICIENT FOR THE CELEBRATION OF A MARRIAGE WITHOUT ANY OF THE PRELIMINARY FORMALITIES WHICH ARE NOW SO PROPERLY REQUIRED
5683-32865-0010,5683,F,6.33,I WAS THINKING IT'S VERY LIKE THE ACE OF HEARTS ANSWERED THE CAPTAIN SOFTLY SMILING ON
5683-32866-0006,5683,F,4.21,YES SO THEY SAID BUT THAT WOULD I THINK HAVE BEEN WORSE
5683-32866-0012,5683,F,8.26,NOW THAT'S IMPOSSIBLE RADIE FOR I REALLY DON'T THINK I ONCE THOUGHT OF HIM ALL THIS EVENING EXCEPT JUST WHILE WE WERE TALKING
5683-32866-0016,5683,F,4.88,MARK MY WORDS YOU'LL FIND HIM TOO STRONG FOR YOU AYE AND TOO DEEP
5683-32866-0024,5683,F,9.86,I SHAN'T TROUBLE YOU ABOUT MY TRAIN OF THOUGHTS OR FANCIES BUT I BEGAN TO FEEL VERY LIKE A GENTLEMAN IN A GHOST STORY WATCHING EXPERIMENTALLY IN A HAUNTED CHAMBER
5683-32879-0004,5683,F,11.21,BUT POOR RACHEL LAKE HAD MORE THAN THAT STOICAL HYPOCRISY WHICH ENABLES THE TORTURED SPIRITS OF HER SEX TO LIFT A PALE FACE THROUGH THE FLAMES AND SMILE
5683-32879-0006,5683,F,11.99,THERE WAS SOMETHING OF SWEETNESS AND FONDNESS IN HER TONES AND MANNER WHICH WAS NEW TO RACHEL AND COMFORTING AND SHE RETURNED THE GREETING AS KINDLY AND FELT MORE LIKE HER FORMER SELF
5683-32879-0007,5683,F,6.79,RACHEL'S PALE AND SHARPENED FEATURES AND DILATED EYE STRUCK HER WITH A PAINFUL SURPRISE
5683-32879-0012,5683,F,4.38,THANK YOU RACHEL MY COUSIN RACHEL MY ONLY FRIEND
5683-32879-0013,5683,F,11.49,CHELFORD HAD A NOTE FROM MISTER WYLDER THIS MORNING ANOTHER NOTE HIS COMING DELAYED AND SOMETHING OF HIS HAVING TO SEE SOME PERSON WHO IS ABROAD CONTINUED DORCAS AFTER A LITTLE PAUSE
61-70968-0017,61,M,5.11,I COULD NOT SEE MY BOY INJURED EXCELLENCE FOR BUT DOING HIS DUTY AS ONE OF CUMBERLAND'S SONS
61-70968-0020,61,M,5.11,SHAME ON YOU CITIZENS CRIED HE I BLUSH FOR MY FELLOWS OF NOTTINGHAM
61-70968-0023,61,M,5.03,BUT I WRESTLED WITH THIS FELLOW AND DO KNOW THAT HE PLAYED UNFAIRLY IN THE SECOND BOUT
61-70968-0030,61,M,5.68,NOW BE SILENT ON YOUR LIVES HE BEGAN BUT THE CAPTURED APPRENTICE SET UP AN INSTANT SHOUT
61-70968-0041,61,M,6.83,I LIKE YOU WILL YOU ARE THE SECOND WILL THAT I HAVE MET AND LIKED WITHIN TWO DAYS IS THERE A SIGN IN THAT
61-70968-0043,61,M,6.74,FRIENDS SAID MONTFICHET FAINTLY TO THE WRESTLERS BEAR US ESCORT SO FAR AS THE SHERIFF'S HOUSE
61-70968-0050,61,M,5.58,HE MADE AN EFFORT TO HIDE HIS CONDITION FROM THEM ALL AND ROBIN FELT HIS FINGERS TIGHTEN UPON HIS ARM
61-70968-0057,61,M,5.07,THESE ESCAPADES ARE NOT FOR OLD GAMEWELL LAD HIS DAY HAS COME TO TWILIGHT
61-70970-0000,61,M,6.08,YOUNG FITZOOTH HAD BEEN COMMANDED TO HIS MOTHER'S CHAMBER SO SOON AS HE HAD COME OUT FROM HIS CONVERSE WITH THE SQUIRE
61-70970-0011,61,M,6.08,AS ANY IN ENGLAND I WOULD SAY SAID GAMEWELL PROUDLY THAT IS IN HIS DAY
672-122797-0003,672,M,4.76,BUT THIS WAS WHAT THE TREE COULD NOT BEAR TO HEAR
672-122797-0019,672,M,4.11,REJOICE IN THY OWN FRESH YOUTH
672-122797-0052,672,M,4.29,THERE'S MANY A ONE CONSIDERABLY OLDER THAN I AM
672-122797-0054,672,M,4.25,I KNOW NO SUCH PLACE SAID THE TREE
672-122797-0055,672,M,8.23,AND THEN HE TOLD ALL ABOUT HIS YOUTH AND THE LITTLE MICE HAD NEVER HEARD THE LIKE BEFORE AND THEY LISTENED AND SAID
672-122797-0058,672,M,4.47,WHO IS HUMPY DUMPY ASKED THE MICE
672-122797-0061,672,M,7.59,DON'T YOU KNOW ONE ABOUT BACON AND TALLOW CANDLES CAN'T YOU TELL ANY LARDER STORIES
672-122797-0070,672,M,6.27,THE GOLDEN STAR OF TINSEL WAS STILL ON THE TOP OF THE TREE AND GLITTERED IN THE SUNSHINE
672-122797-0072,672,M,7.94,AND THE GARDENER'S BOY CHOPPED THE TREE INTO SMALL PIECES THERE WAS A WHOLE HEAP LYING THERE
672-122797-0073,672,M,8.21,THE WOOD FLAMED UP SPLENDIDLY UNDER THE LARGE BREWING COPPER AND IT SIGHED SO DEEPLY
6829-68769-0006,6829,F,7.2,IF THE PROSECUTION WERE WITHDRAWN AND THE CASE SETTLED WITH THE VICTIM OF THE FORGED CHECK THEN THE YOUNG MAN WOULD BE ALLOWED HIS FREEDOM
6829-68769-0039,6829,F,4.04,HE LOOKED UP RATHER UNGRACIOUSLY BUT MOTIONED THEM TO BE SEATED
6829-68769-0049,6829,F,7.4,HE DETESTED THE GRASPING DISPOSITION THAT WOULD ENDEAVOR TO TAKE ADVANTAGE OF HIS EVIDENT DESIRE TO HELP YOUNG GATES
6829-68771-0005,6829,F,6.17,THE ONLY THING NECESSARY WAS TO FIX SETH REYNOLDS AND THIS HOPKINS ARRANGED PERSONALLY
6829-68771-0011,6829,F,5.62,TABLES WERE SPREAD ON THE LAWN AND A DAINTY BUT SUBSTANTIAL REPAST WAS TO BE SERVED
6829-68771-0014,6829,F,4.77,WE OUGHT TO HAVE MORE ATTENDANTS BETH SAID LOUISE APPROACHING HER COUSIN
6829-68771-0019,6829,F,7.42,SHE WAS DRESSED IN THE REGULATION COSTUME OF THE MAIDS AT ELMHURST A PLAIN BLACK GOWN WITH WHITE APRON AND CAP
6829-68771-0023,6829,F,5.42,YOU SPEAK LIKE AN EDUCATED PERSON SAID BETH WONDERINGLY WHERE IS YOUR HOME
6829-68771-0025,6829,F,7.83,SHE SAT DOWN IN A ROCKING CHAIR AND CLASPING HER HANDS IN HER LAP ROCKED SLOWLY BACK AND FORTH I'M SORRY SAID BETH
6829-68771-0035,6829,F,4.39,WILL YOU LEAVE ME ALONE IN MY OWN ROOM OR MUST I GO AWAY TO ESCAPE YOU
6930-75918-0009,6930,M,7.28,IT IS YOU WHO ARE MISTAKEN RAOUL I HAVE READ HIS DISTRESS IN HIS EYES IN HIS EVERY GESTURE AND ACTION THE WHOLE DAY
6930-75918-0015,6930,M,6.38,THUS IT IS THAT THE HONOR OF THREE IS SAVED OUR COUNTRY'S OUR MASTER'S AND OUR OWN
6930-75918-0018,6930,M,10.81,THE NIGHT WAS CLEAR STARLIT AND SPLENDID THE TEMPEST HAD PASSED AWAY AND THE SWEET INFLUENCES OF THE EVENING HAD RESTORED LIFE PEACE AND SECURITY EVERYWHERE
6930-75918-0019,6930,M,11.65,UPON THE LARGE SQUARE IN FRONT OF THE HOTEL THE SHADOWS OF THE TENTS INTERSECTED BY THE GOLDEN MOONBEAMS FORMED AS IT WERE A HUGE MOSAIC OF JET AND YELLOW FLAGSTONES
6930-76324-0008,6930,M,5.18,I THOUGHT WE WERE STUMPED AGAIN WHEN I FIRST SAW THAT PICTURE BUT IT'S BEEN OF SOME USE AFTER ALL
6930-76324-0011,6930,M,9.24,THEY WORRY ME TERRIBLY AND BESIDES I'D LIKE TO SEE WHAT THIS LOVELY FURNITURE LOOKS LIKE WITHOUT SUCH QUANTITIES OF DUST ALL OVER IT GOOD SCHEME CYN
6930-76324-0025,6930,M,4.12,WHY IT'S GOLIATH AS USUAL THEY BOTH CRIED PEERING IN
6930-76324-0028,6930,M,9.88,WELL I'M CONVINCED THAT THE BOARDED UP HOUSE MYSTERY HAPPENED NOT EARLIER THAN APRIL SIXTEENTH EIGHTEEN SIXTY ONE AND PROBABLY NOT MUCH LATER
6930-81414-0011,6930,M,4.7,A FEELING OF FREEDOM AND I WAS AWAKE WHERE
6930-81414-0023,6930,M,4.88,PERCHANCE TOO KAFFAR'S DEATH MIGHT SERVE HIM IN GOOD STEAD
7021-79730-0006,7021,M,11.34,THE MOTHER IN MANAGING THE CASE IN THIS WAY RELIES PARTLY ON CONVINCING THE REASON OF THE CHILD AND PARTLY ON AN APPEAL TO HER AFFECTION
7021-79730-0009,7021,M,12.59,IT IS INDEED TRUE THAT THE IMPORTANCE OF TACT AND SKILL IN THE TRAINING OF THE YOUNG AND OF CULTIVATING THEIR REASON AND SECURING THEIR AFFECTION CAN NOT BE OVERRATED
7021-79740-0001,7021,M,6.0,DELLA HAD A YOUNG SISTER NAMED MARIA AND A COUSIN WHOSE NAME WAS JANE
7021-79740-0002,7021,M,9.22,NOW DELIA CONTRIVED TO OBTAIN A GREAT INFLUENCE AND ASCENDENCY OVER THE MINDS OF THE CHILDREN BY MEANS OF THESE DOLLS
7021-79740-0003,7021,M,4.99,TO GIVE AN IDEA OF THESE CONVERSATIONS I WILL REPORT ONE OF THEM IN FULL
7021-79740-0004,7021,M,6.46,YOU HAVE COME ANDELLA ANDELLA WAS THE NAME OF JANE'S DOLL TO MAKE ROSALIE A VISIT
7021-79759-0003,7021,M,4.62,VAST IMPORTANCE AND INFLUENCE OF THIS MENTAL FURNISHING
7021-79759-0005,7021,M,13.02,THE PAIN PRODUCED BY AN ACT OF HASTY AND ANGRY VIOLENCE TO WHICH A FATHER SUBJECTS HIS SON MAY SOON PASS AWAY BUT THE MEMORY OF IT DOES NOT PASS AWAY WITH THE PAIN
7021-85628-0008,7021,M,7.12,FOR LIKE AS NOT THEY MUST HAVE THOUGHT HIM A PRINCE WHEN THEY SAW HIS FINE CAP
7021-85628-0009,7021,M,8.54,AT THE FARTHER END OF THE LARGEST HALL A TABLE WAS SET WITH GOLDEN CUPS AND GOLDEN PLATES IN LONG ROWS
7127-75946-0002,7127,M,13.19,LET HIM COME IN THEN SAID THE KING AND AS IF COLBERT HAD BEEN LISTENING AT THE DOOR FOR THE PURPOSE OF KEEPING HIMSELF AU COURANT WITH THE CONVERSATION HE ENTERED AS SOON AS THE KING HAD PRONOUNCED HIS NAME TO THE TWO COURTIERS
7127-75946-0004,7127,M,4.49,CERTAINLY SIRE BUT I MUST HAVE MONEY TO DO THAT WHAT
7127-75946-0012,7127,M,9.87,THE NEWS CIRCULATED WITH THE RAPIDITY OF LIGHTNING DURING ITS PROGRESS IT KINDLED EVERY VARIETY OF COQUETRY DESIRE AND WILD AMBITION
7127-75946-0024,7127,M,5.09,MONSIEUR WAS THE ONLY ONE WHO DID NOT UNDERSTAND ANYTHING ABOUT THE MATTER
7127-75947-0001,7127,M,6.64,UPON THIS MADAME DEIGNED TO TURN HER EYES LANGUISHINGLY TOWARDS THE COMTE OBSERVING
7127-75947-0007,7127,M,5.46,SHE THEN ROSE HUMMING THE AIR TO WHICH SHE WAS PRESENTLY GOING TO DANCE
7127-75947-0023,7127,M,5.11,IT IS TOO DIFFICULT REPLIED MADEMOISELLE DE TONNAY CHARENTE LAUGHING LOUDLY
7127-75947-0025,7127,M,5.57,EXQUISITE SOFT TURF OF THE WOODS THE HAPPINESS WHICH YOUR FRIENDSHIP CONFERS UPON ME
7127-75947-0033,7127,M,8.87,HOW IS IT LA VALLIERE SAID MADEMOISELLE DE TONNAY CHARENTE THAT THE VICOMTE DE BRAGELONNE SPOKE OF YOU AS LOUISE
7127-75947-0040,7127,M,13.79,IN THIS WAY THE FETE OF THE WHOLE COURT WAS A FETE ALSO FOR THE MYSTERIOUS INHABITANTS OF THE FOREST FOR CERTAINLY THE DEER IN THE BRAKE THE PHEASANT ON THE BRANCH THE FOX IN ITS HOLE WERE ALL LISTENING
7176-88083-0000,7176,M,5.7,ALL ABOUT HIM WAS A TUMULT OF BRIGHT AND BROKEN COLOR SCATTERED IN BROAD SPLASHES
7176-88083-0003,7176,M,7.6,BUT HERE HE WAS AT A TERRIBLE DISADVANTAGE AS COMPARED WITH THE OWLS HAWKS AND EAGLES HE HAD NO RENDING CLAWS
7176-88083-0009,7176,M,4.04,THE GREAT HAWK FOLLOWED HURRIEDLY TO RETRIEVE HIS PREY FROM THE GROUND
7176-88083-0025,7176,M,7.38,AT THE SUDDEN SHARP STING OF IT THE GREAT BIRD TURNED HIS HEAD AND NOTICED FOR THE FIRST TIME THE FISHERMAN STANDING ON THE BANK
7176-88083-0026,7176,M,5.53,THE DRAG UPON HIS BEAK AND THE LIGHT CHECK UPON HIS WINGS WERE INEXPLICABLE TO HIM AND APPALLING
7176-92135-0005,7176,M,5.47,BUT SUPPOSE YOU SAID I'M FOND OF WRITING MY PEOPLE ALWAYS SAY MY LETTERS HOME ARE GOOD ENOUGH FOR PUNCH
7176-92135-0006,7176,M,7.79,I'VE GOT A LITTLE IDEA FOR A PLAY ABOUT A MAN AND A WOMAN AND ANOTHER WOMAN AND BUT PERHAPS I'D BETTER KEEP THE PLOT A SECRET FOR THE MOMENT
7176-92135-0009,7176,M,4.38,AND I SHOULD BEGIN WITH A SHORT HOMILY ON SOLILOQUY
7176-92135-0022,7176,M,8.23,TO BE OR NOT TO BE THAT IS THE QUESTION WHETHER TIS NOBLER IN THE MIND TO SUFFER THE SLINGS AND ARROWS WHAT NO HAMLET SPEAKING
7176-92135-0042,7176,M,7.27,IN NOVELS THE HERO HAS OFTEN PUSHED HIS MEALS AWAY UNTASTED BUT NO STAGE HERO WOULD DO ANYTHING SO UNNATURAL AS THIS
7729-102255-0012,7729,M,4.08,SEVERAL HUNDRED FREE STATE MEN PROMPTLY RESPONDED TO THE SUMMONS
7729-102255-0018,7729,M,11.35,LITTLE BY LITTLE HOWEVER THE LATTER BECAME HEMMED AND BOUND IN THE MESHES OF THE VARIOUS DEVICES AND PROCEEDINGS WHICH THE TERRITORIAL OFFICIALS EVOLVED FROM THE BOGUS LAWS
7729-102255-0023,7729,M,5.5,THEIR DISTINCTIVE CHARACTERS HOWEVER DISPLAY ONE BROAD AND UNFAILING DIFFERENCE
7729-102255-0024,7729,M,10.23,THE FREE STATE MEN CLUNG TO THEIR PRAIRIE TOWNS AND PRAIRIE RAVINES WITH ALL THE OBSTINACY AND COURAGE OF TRUE DEFENDERS OF THEIR HOMES AND FIRESIDES
7729-102255-0030,7729,M,7.25,HE SUMMONED HALF A DOZEN CITIZENS TO JOIN HIS POSSE WHO FOLLOWED OBEYED AND ASSISTED HIM
7729-102255-0031,7729,M,6.75,HE CONTINUED HIS PRETENDED SEARCH AND TO GIVE COLOR TO HIS ERRAND MADE TWO ARRESTS
7729-102255-0035,7729,M,5.62,THE MILITARY FORCE PARTLY RABBLE PARTLY ORGANIZED HAD MEANWHILE MOVED INTO THE TOWN
7729-102255-0037,7729,M,11.02,HALF AN HOUR LATER TURNING A DEAF EAR TO ALL REMONSTRANCE HE GAVE THE PROPRIETORS UNTIL FIVE O'CLOCK TO REMOVE THEIR FAMILIES AND PERSONAL PROPERTY FROM THE FREE STATE HOTEL
7729-102255-0039,7729,M,6.82,THE INMATES BEING REMOVED AT THE APPOINTED HOUR A FEW CANNON BALLS WERE FIRED THROUGH THE STONE WALLS
7729-102255-0040,7729,M,11.76,IN THIS INCIDENT CONTRASTING THE CREATIVE AND THE DESTRUCTIVE SPIRIT OF THE FACTIONS THE EMIGRANT AID SOCIETY OF MASSACHUSETTS FINDS ITS MOST HONORABLE AND TRIUMPHANT VINDICATION
8224-274381-0007,8224,M,10.09,BY QUICK MARCHES THROUGH THESE INACCESSIBLE MOUNTAINS THAT GENERAL FREED HIMSELF FROM THE SUPERIOR FORCES OF THE COVENANTERS
8224-274381-0010,8224,M,13.62,BY A QUICK AND UNEXPECTED MARCH MONTROSE HASTENED TO INNERLOCHY AND PRESENTED HIMSELF IN ORDER OF BATTLE BEFORE THE SURPRISED BUT NOT AFFRIGHTENED COVENANTERS
8224-274381-0011,8224,M,6.48,HIS CONDUCT AND PRESENCE OF MIND IN THIS EMERGENCE APPEARED CONSPICUOUS
8224-274381-0013,8224,M,13.61,FROM THE SAME MEN NEW REGIMENTS AND NEW COMPANIES WERE FORMED DIFFERENT OFFICERS APPOINTED AND THE WHOLE MILITARY FORCE PUT INTO SUCH HANDS AS THE INDEPENDENTS COULD RELY ON
8224-274384-0002,8224,M,9.81,THEY INFORMED THE ENGLISH PARLIAMENT OF THIS UNEXPECTED INCIDENT AND ASSURED THEM THAT THEY HAD ENTERED INTO NO PRIVATE TREATY WITH THE KING
8224-274384-0006,8224,M,6.81,THE KING STOOD UP AND CALLED FOR THAT PSALM WHICH BEGINS WITH THESE WORDS
8224-274384-0007,8224,M,6.23,HAVE MERCY LORD ON ME I PRAY FOR MEN WOULD ME DEVOUR
8224-274384-0008,8224,M,13.42,THE GOOD NATURED AUDIENCE IN PITY TO FALLEN MAJESTY SHOWED FOR ONCE GREATER DEFERENCE TO THE KING THAN TO THE MINISTER AND SUNG THE PSALM WHICH THE FORMER HAD CALLED FOR
8224-274384-0009,8224,M,4.8,THE PARLIAMENT AND THE SCOTS LAID THEIR PROPOSALS BEFORE THE KING
8224-274384-0013,8224,M,5.44,HIS DEATH IN THIS CONJUNCTURE WAS A PUBLIC MISFORTUNE
8230-279154-0000,8230,M,8.8,THE ANALYSIS OF KNOWLEDGE WILL OCCUPY US UNTIL THE END OF THE THIRTEENTH LECTURE AND IS THE MOST DIFFICULT PART OF OUR WHOLE ENTERPRISE
8230-279154-0004,8230,M,14.06,THERE IS NO LOGICAL IMPOSSIBILITY IN THE HYPOTHESIS THAT THE WORLD SPRANG INTO BEING FIVE MINUTES AGO EXACTLY AS IT THEN WAS WITH A POPULATION THAT REMEMBERED A WHOLLY UNREAL PAST
8230-279154-0016,8230,M,10.6,IN ACTUAL FACT THERE ARE DOUBTLESS VARIOUS FACTORS THAT CONCUR IN GIVING US THE FEELING OF GREATER OR LESS REMOTENESS IN SOME REMEMBERED EVENT
8230-279154-0018,8230,M,11.85,THERE IS OF COURSE A DIFFERENCE BETWEEN KNOWING THE TEMPORAL RELATION OF A REMEMBERED EVENT TO THE PRESENT AND KNOWING THE TIME ORDER OF TWO REMEMBERED EVENTS
8230-279154-0020,8230,M,7.83,IF WE HAD RETAINED THE SUBJECT OR ACT IN KNOWLEDGE THE WHOLE PROBLEM OF MEMORY WOULD HAVE BEEN COMPARATIVELY SIMPLE
8230-279154-0022,8230,M,6.44,SOME POINTS MAY BE TAKEN AS FIXED AND SUCH AS ANY THEORY OF MEMORY MUST ARRIVE AT
8230-279154-0023,8230,M,6.26,IN THIS CASE AS IN MOST OTHERS WHAT MAY BE TAKEN AS CERTAIN IN ADVANCE IS RATHER VAGUE
8230-279154-0028,8230,M,11.56,I CAN SET TO WORK NOW TO REMEMBER THINGS I NEVER REMEMBERED BEFORE SUCH AS WHAT I HAD TO EAT FOR BREAKFAST THIS MORNING AND IT CAN HARDLY BE WHOLLY HABIT THAT ENABLES ME TO DO THIS
8230-279154-0029,8230,M,8.54,THE FACT THAT A MAN CAN RECITE A POEM DOES NOT SHOW THAT HE REMEMBERS ANY PREVIOUS OCCASION ON WHICH HE HAS RECITED OR READ IT
8230-279154-0030,8230,M,7.28,SEMON'S TWO BOOKS MENTIONED IN AN EARLIER LECTURE DO NOT TOUCH KNOWLEDGE MEMORY AT ALL CLOSELY
8455-210777-0011,8455,M,6.63,I DID NOT MEAN SAID CAPTAIN BATTLEAX TO TOUCH UPON PUBLIC SUBJECTS AT SUCH A MOMENT AS THIS
8455-210777-0014,8455,M,4.12,SIR KENNINGTON OVAL IS A VERY FINE PLAYER SAID MY WIFE
8455-210777-0018,8455,M,5.92,THIS SHE SAID WAS TRUE HOSPITALITY AND I AM NOT SURE THAT I DID NOT AGREE WITH HER
8455-210777-0024,8455,M,7.56,HOW MUCH OF EVIL OF REAL ACCOMPLISHED EVIL HAD THERE NOT OCCURRED TO ME DURING THE LAST FEW DAYS
8455-210777-0033,8455,M,7.51,BUT YOUR POWER IS SO SUPERIOR TO ANY THAT I CAN ADVANCE AS TO MAKE US HERE FEEL THAT THERE IS NO DISGRACE IN YIELDING TO IT
8455-210777-0034,8455,M,7.7,NOT A DOUBT BUT HAD YOUR FORCE BEEN ONLY DOUBLE OR TREBLE OUR OWN I SHOULD HAVE FOUND IT MY DUTY TO STRUGGLE WITH YOU
8455-210777-0040,8455,M,6.2,THEN SAID SIR FERDINANDO THERE IS NOTHING FOR IT BUT THAT HE MUST TAKE YOU WITH HIM
8455-210777-0041,8455,M,6.37,THERE CAME UPON ME A SUDDEN SHOCK WHEN I HEARD THESE WORDS WHICH EXCEEDED ANYTHING WHICH I HAD YET FELT
8455-210777-0046,8455,M,9.33,YOU MAY BE QUITE SURE IT'S THERE SAID CAPTAIN BATTLEAX AND THAT I CAN SO USE IT AS TO HALF OBLITERATE YOUR TOWN WITHIN TWO MINUTES OF MY RETURN ON BOARD
8455-210777-0056,8455,M,5.54,THE PECULIAR CIRCUMSTANCES OF THE COLONY ARE WITHIN YOUR EXCELLENCY'S KNOWLEDGE
8463-287645-0002,8463,F,12.92,FROM THE MANNER IN WHICH HE EXPRESSED HIMSELF WITH REGARD TO ROBERT HOLLAN NO MAN IN THE WHOLE RANGE OF HIS RECOLLECTIONS WILL BE LONGER REMEMBERED THAN HE HIS ENTHRALMENT WHILE UNDER HOLLAN WILL HARDLY EVER BE FORGOTTEN
8463-287645-0003,8463,F,7.91,OF THIS PARTY EDWARD A BOY OF SEVENTEEN CALLED FORTH MUCH SYMPATHY HE TOO WAS CLAIMED BY HOLLAN
8463-294825-0010,8463,F,4.58,AND IN THIS LAST ACTION HE FALLS INTO THE CLASSIC SIN OF PRIDE
8463-294825-0016,8463,F,4.47,MILLIGRAM ROUGHLY ONE TWENTY EIGHT THOUSAND OF AN OUNCE
8463-294828-0002,8463,F,6.19,EVEN SO I HAD JUST RETURNED FROM AN ARDUOUS JOURNEY EXHAUSTED AND BADLY NEEDING A REST
8463-294828-0010,8463,F,8.34,NEVER DID HE OBJECT TO BUCKLING UP HIS SUITCASE FOR ANY COUNTRY WHATEVER CHINA OR THE CONGO NO MATTER HOW FAR OFF IT WAS
8463-294828-0012,8463,F,4.91,PLEASE FORGIVE ME FOR THIS UNDERHANDED WAY OF ADMITTING I HAD TURNED FORTY
8463-294828-0014,8463,F,5.72,THERE WAS GOOD REASON TO STOP AND THINK EVEN FOR THE WORLD'S MOST EMOTIONLESS MAN
8463-294828-0031,8463,F,7.76,ONE OF THE SAILORS LED ME TO THE AFTERDECK WHERE I STOOD IN THE PRESENCE OF A SMART LOOKING OFFICER WHO EXTENDED HIS HAND TO ME
8463-294828-0036,8463,F,6.99,THE WHARVES OF BROOKLYN AND EVERY PART OF NEW YORK BORDERING THE EAST RIVER WERE CROWDED WITH CURIOSITY SEEKERS
8555-284447-0002,8555,F,8.03,I WOULDN'T MIND A CUP O COFFEE MYSELF SAID CAP'N BILL I'VE HAD CONSID'BLE EXERCISE THIS MORNIN AND I'M ALL READY FOR BREAKFAS
8555-284447-0014,8555,F,8.47,THE IDEA OF PATCHING CAP'N BILL TO A GOAT WAS VASTLY AMUSING TO HIM AND THE MORE HE THOUGHT OF IT THE MORE HE ROARED WITH LAUGHTER
8555-284447-0017,8555,F,11.62,WHEN THIS HAD BEEN ACCOMPLISHED THE BOOLOOROO LEANED OVER TO TRY TO DISCOVER WHY THE FRAME ROLLED AWAY SEEMINGLY OF ITS OWN ACCORD AND HE WAS THE MORE PUZZLED BECAUSE IT HAD NEVER DONE SUCH A THING BEFORE
8555-284447-0024,8555,F,4.63,COME AND GET THE BOOLOOROO SHE SAID GOING TOWARD THE BENCHES
8555-284449-0004,8555,F,13.9,SINCE LAST THURSDAY I GHIP GHISIZZLE HAVE BEEN THE LAWFUL BOOLOOROO OF THE BLUE COUNTRY BUT NOW THAT YOU ARE CONQUERED BY QUEEN TROT I SUPPOSE I AM CONQUERED TOO AND YOU HAVE NO BOOLOOROO AT ALL
8555-284449-0019,8555,F,7.61,THAT EVENING TROT GAVE A GRAND BALL IN THE PALACE TO WHICH THE MOST IMPORTANT OF THE PINKIES AND THE BLUESKINS WERE INVITED
8555-284449-0020,8555,F,5.09,THE COMBINED BANDS OF BOTH THE COUNTRIES PLAYED THE MUSIC AND A FINE SUPPER WAS SERVED
8555-292519-0005,8555,F,9.57,WHILE THE OLD GOLD AND THE MARBLE STAYS FOREVER GLEAMING ITS SOFT STRONG BLAZE CALM IN THE EARLY EVENING GLOW
8555-292519-0007,8555,F,8.4,IT IS MY HEART HUNG IN THE SKY AND NO CLOUDS EVER FLOAT BETWEEN THE GRAVE FLOWERS AND MY HEART ON HIGH
8555-292519-0013,8555,F,4.18,THAT WAS BUT RUSTLING OF DRIPPING PLANTS IN THE DARK
908-157963-0009,908,M,4.06,WHY SHOULD THE MISTRESS OF THE VALES OF HAR UTTER A SIGH
908-157963-0010,908,M,6.28,SHE CEASD AND SMILD IN TEARS THEN SAT DOWN IN HER SILVER SHRINE
908-157963-0011,908,M,10.39,WHICH THOU DOST SCATTER ON EVERY LITTLE BLADE OF GRASS THAT SPRINGS REVIVES THE MILKED COW AND TAMES THE FIRE BREATHING STEED
908-157963-0015,908,M,14.46,O LITTLE CLOUD THE VIRGIN SAID I CHARGE THEE TO TELL ME WHY THOU COMPLAINEST NOW WHEN IN ONE HOUR THOU FADE AWAY THEN WE SHALL SEEK THEE BUT NOT FIND AH THEL IS LIKE TO THEE
908-157963-0016,908,M,5.11,I PASS AWAY YET I COMPLAIN AND NO ONE HEARS MY VOICE
908-157963-0023,908,M,9.62,THE HELPLESS WORM AROSE AND SAT UPON THE LILLYS LEAF AND THE BRIGHT CLOUD SAILD ON TO FIND HIS PARTNER IN THE VALE
908-157963-0025,908,M,9.27,I SEE THEY LAY HELPLESS AND NAKED WEEPING AND NONE TO ANSWER NONE TO CHERISH THEE WITH MOTHERS SMILES
908-31957-0005,908,M,4.49,ALAS I HAVE GRIEVED SO I AM HARD TO LOVE
908-31957-0022,908,M,14.1,THEN I LONG TRIED BY NATURAL ILLS RECEIVED THE COMFORT FAST WHILE BUDDING AT THY SIGHT MY PILGRIM'S STAFF GAVE OUT GREEN LEAVES WITH MORNING DEWS IMPEARLED
908-31957-0024,908,M,7.54,I LOVE THEE WITH THE PASSION PUT TO USE IN MY OLD GRIEFS AND WITH MY CHILDHOOD'S FAITH
