f0_shift_st,f0_corr,voiced_kept,env_lsd_db,utt
0.0,0.9952,0.4154,18.2529,1089-134686-0006
0.0,0.9865,0.3784,17.1445,1089-134686-0007
-0.1,-0.1,0.0518,19.7643,1089-134686-0010
0.0,0.996,0.2667,17.6071,1089-134686-0012
0.0,0.9993,0.3205,16.9517,1089-134686-0021
0.0,0.0036,0.1392,18.1035,1089-134686-0026
0.0,0.9979,0.4814,16.7768,1089-134686-0031
-0.1,0.7901,0.0684,18.4059,1089-134691-0002
0.0,0.9979,0.2138,18.147,1089-134691-0008
0.0,0.2529,0.1995,18.9131,1089-134691-0022
0.0,0.9135,0.0705,17.2844,1188-133604-0003
0.0,0.9717,0.2542,17.0812,1188-133604-0004
0.0,0.9615,0.325,17.3662,1188-133604-0007
0.0,0.966,0.1702,16.9066,1188-133604-0012
,,0.0,18.2064,1188-133604-0014
0.05,0.9921,0.0429,19.3848,1188-133604-0018
0.0,0.9824,0.3212,19.8813,1188-133604-0025
0.0,0.9843,0.0914,17.4874,1188-133604-0032
0.0,0.9902,0.4812,16.855,1188-133604-0033
0.0,0.9846,0.5115,19.9724,1188-133604-0043
0.0,0.9991,0.2122,19.3971,121-121726-0002
,,0.0,19.9328,121-121726-0004
0.0,0.9991,0.4613,21.3272,121-121726-0007
0.0,0.9993,0.194,19.8573,121-121726-0010
0.0,0.968,0.1004,18.511,121-121726-0012
,,0.0,21.0838,121-127105-0003
,,0.0,20.4226,121-127105-0006
,,0.0,20.8527,121-127105-0020
,,0.0,19.7305,121-127105-0023
0.0,0.9729,0.3103,22.5662,121-127105-0036
,,0.0,21.4829,1221-135766-0002
,,0.0,20.9013,1221-135766-0009
0.0,0.9978,0.2712,21.8141,1221-135767-0001
0.0,0.9965,0.2934,20.2491,1221-135767-0005
0.0,0.6442,0.1401,21.2174,1221-135767-0007
0.0,0.6804,0.1355,21.0764,1221-135767-0009
0.0,0.9849,0.2548,21.8197,1221-135767-0010
0.0,0.997,0.3535,20.8544,1221-135767-0013
0.0,0.9925,0.3416,21.7718,1221-135767-0018
0.0,0.9607,0.1829,21.308,1221-135767-0022
0.0,0.999,0.3884,20.5767,1284-1180-0005
0.0,0.9953,0.3084,19.0915,1284-1180-0017
0.1,0.9953,0.3046,22.0608,1284-1180-0026
0.0,0.9972,0.449,23.1656,1284-1180-0031
0.0,0.9996,0.3051,20.6324,1284-1181-0004
0.1,0.9214,0.0578,19.6086,1284-1181-0007
0.0,0.9993,0.2935,20.2786,1284-1181-0011
,,0.0068,18.7903,1284-1181-0016
0.1,0.2149,0.0423,20.0986,1284-1181-0017
0.0,0.9807,0.3985,20.1738,1284-134647-0004
0.0,0.9989,0.1352,19.8201,1320-122612-0003
0.1,0.9861,0.095,18.4542,1320-122612-0005
,,0.0,17.1663,1320-122612-0013
0.0,0.9967,0.4139,17.3676,1320-122617-0005
0.0,0.9935,0.1881,16.9912,1320-122617-0011
0.1,0.9871,0.1101,17.9554,1320-122617-0018
0.0,0.9927,0.1941,18.2917,1320-122617-0027
0.0,0.9945,0.5221,16.3463,1320-122617-0032
0.0,0.9477,0.0685,17.8273,1320-122617-0037
0.0,0.9714,0.2432,18.5748,1320-122617-0041
0.0,0.9989,0.0874,18.6868,1580-141083-0006
0.0,0.9993,0.24,19.1719,1580-141083-0007
0.0,0.9959,0.4041,17.866,1580-141083-0010
,,0.0,19.2724,1580-141083-0016
0.0,0.9989,0.6417,20.5056,1580-141083-0027
,,0.022,20.8191,1580-141083-0044
0.0,0.997,0.186,21.7793,1580-141084-0002
0.0,0.9907,0.2722,21.3501,1580-141084-0009
,,0.0,20.2192,1580-141084-0010
,,0.0,20.5073,1580-141084-0042
0.0,0.9972,0.4729,21.8123,1995-1826-0002
0.0,0.7319,0.3935,21.8194,1995-1826-0009
0.0,0.9966,0.6805,20.1865,1995-1826-0018
0.0,0.8823,0.4301,21.9722,1995-1826-0021
0.0,0.9083,0.2231,22.6844,1995-1826-0023
0.0,0.9277,0.3787,20.9663,1995-1836-0005
0.0,0.9961,0.6041,22.9764,1995-1837-0001
0.0,0.9974,0.7429,21.9329,1995-1837-0014
0.0,0.8867,0.6637,22.7686,1995-1837-0018
0.0,0.9047,0.7363,21.3249,1995-1837-0026
0.0,0.9993,0.4531,19.0579,2094-142345-0001
0.0,0.9947,0.4929,20.752,2094-142345-0013
0.0,0.9998,0.6381,18.9052,2094-142345-0021
0.0,0.9997,0.5447,19.4706,2094-142345-0024
0.0,0.9996,0.6689,20.6755,2094-142345-0028
0.0,0.9737,0.5104,19.6514,2094-142345-0034
0.0,0.9995,0.5733,18.2035,2094-142345-0036
0.0,0.9998,0.553,21.4186,2094-142345-0037
0.0,0.9994,0.462,19.7304,2094-142345-0049
0.0,0.9997,0.4951,19.861,2094-142345-0052
0.0,0.9976,0.1527,17.4595,2300-131720-0001
0.0,0.8269,0.035,17.0011,2300-131720-0002
,,0.0,17.8029,2300-131720-0005
0.0,0.9319,0.0519,17.721,2300-131720-0010
,,0.0,16.9352,2300-131720-0012
,,0.0,17.001,2300-131720-0013
0.0,0.9993,0.1181,16.9081,2300-131720-0021
0.0,0.9939,0.2519,17.6927,2300-131720-0034
0.0,0.9837,0.1101,17.5649,2300-131720-0037
-0.1,0.8814,0.0868,14.9601,2300-131720-0040
0.0,-0.9286,0.0831,15.7759,237-126133-0006
,,0.0,14.3098,237-126133-0019
0.0,0.9906,0.2016,15.5186,237-126133-0021
,,0.0,14.6159,237-126133-0022
0.0,0.9979,0.2113,19.1219,237-134493-0016
0.0,0.9947,0.099,18.2348,237-134493-0018
0.0,0.9971,0.4274,18.9172,237-134500-0010
0.0,0.9995,0.1059,17.5999,237-134500-0013
,,0.0,15.945,237-134500-0014
0.0,0.9982,0.1771,16.9504,237-134500-0018
0.0,0.9848,0.1469,20.0017,260-123286-0000
-0.1,0.9255,0.1579,20.1071,260-123286-0003
,,0.0,19.2558,260-123286-0028
0.0,0.9745,0.137,20.9452,260-123286-0030
13.85,0.0014,0.0462,20.6816,260-123286-0031
,,0.0,18.6575,260-123288-0001
,,0.0,19.4172,260-123288-0025
0.0,0.3411,0.4201,20.2546,260-123440-0012
0.1,-0.6596,0.1316,19.4807,260-123440-0015
0.0,0.5461,0.3561,18.2372,260-123440-0016
,,0.0,18.8246,2830-3979-0006
0.0,0.9817,0.2247,18.9278,2830-3979-0011
-0.1,0.9995,0.533,19.6629,2830-3980-0029
-0.1,0.1267,0.0912,20.0992,2830-3980-0039
-0.1,0.9992,0.3018,20.1629,2830-3980-0050
-0.1,-0.1091,0.0638,21.3035,2830-3980-0054
0.0,0.9987,0.2167,21.1712,2830-3980-0055
0.0,0.9993,0.3369,19.9033,2830-3980-0057
-0.1,0.1567,0.1641,20.4809,2830-3980-0062
-0.1,0.4144,0.0757,22.5542,2830-3980-0066
0.1,0.9467,0.0469,19.8606,2961-960-0004
0.0,-0.0942,0.0476,18.6355,2961-960-0016
0.0,0.9973,0.061,19.5191,2961-961-0001
,,0.0,18.6502,2961-961-0003
0.0,0.9348,0.1804,18.1719,2961-961-0004
0.0,0.9292,0.1038,18.7742,2961-961-0009
,,0.0,16.0147,2961-961-0010
0.0,0.3918,0.1315,18.5593,2961-961-0011
0.0,0.9987,0.0866,17.9589,2961-961-0014
0.0,0.9979,0.1681,17.0349,2961-961-0017
0.0,0.7145,0.4219,19.2225,3570-5694-0006
0.0,0.9897,0.399,19.5736,3570-5694-0007
0.0,0.9788,0.4988,17.9187,3570-5694-0009
0.0,0.9857,0.3693,19.8239,3570-5694-0010
0.0,0.9935,0.5462,17.1572,3570-5694-0015
0.0,0.9898,0.6971,17.9423,3570-5694-0018
0.0,0.9876,0.4858,17.7279,3570-5695-0001
0.0,0.973,0.4048,17.6127,3570-5695-0014
0.0,0.7905,0.3295,18.2328,3570-5696-0000
0.0,0.9765,0.4929,17.289,3570-5696-0008
0.0,0.9929,0.3497,20.433,3575-170457-0000
0.0,0.6408,0.5433,19.9248,3575-170457-0005
0.0,0.427,0.3371,20.8866,3575-170457-0008
12.4,0.9413,0.0982,22.6205,3575-170457-0011
0.0,0.9996,0.5698,21.4491,3575-170457-0014
0.0,0.627,0.6076,21.3174,3575-170457-0020
0.0,0.4322,0.4611,21.742,3575-170457-0031
0.0,0.7277,0.7355,21.2147,3575-170457-0040
0.0,0.5666,0.3045,20.0383,3575-170457-0044
0.0,0.979,0.5271,18.5024,3575-170457-0045
0.0,0.9972,0.1798,19.0404,3729-6852-0002
0.0,0.9988,0.1506,20.3188,3729-6852-0011
0.0,0.9964,0.1812,20.1221,3729-6852-0014
,,0.011,20.1096,3729-6852-0016
0.05,0.995,0.1089,18.4671,3729-6852-0022
0.0,0.9072,0.4488,19.3411,3729-6852-0026
0.0,0.934,0.2005,20.7959,3729-6852-0037
0.0,0.9321,0.2603,19.5674,3729-6852-0039
0.0,0.9911,0.3477,18.7743,3729-6852-0040
0.0,0.9839,0.1174,19.8055,3729-6852-0046
,,0.0,20.6947,4077-13751-0002
,,0.0,20.072,4077-13751-0006
,,0.0,19.9594,4077-13751-0008
,,0.0181,21.6189,4077-13751-0010
,,0.0,20.5124,4077-13751-0013
0.0,0.7209,0.0264,20.4622,4077-13751-0015
,,0.0,20.487,4077-13751-0020
,,0.0,18.9203,4077-13754-0000
,,0.0,18.3798,4077-13754-0003
,,0.0,18.0781,4077-13754-0010
,,0.0,20.7686,4446-2273-0001
0.0,0.9391,0.1011,20.1723,4446-2273-0008
0.0,0.9966,0.4695,17.6333,4446-2273-0022
,,0.0,20.8856,4446-2273-0032
0.0,0.9985,0.1584,18.7066,4446-2275-0007
0.0,0.9982,0.3906,20.1436,4446-2275-0026
,,0.0,18.2255,4446-2275-0029
,,0.0,18.5838,4446-2275-0035
0.0,0.8906,0.2985,19.0012,4446-2275-0041
,,0.0,16.4363,4446-2275-0043
0.0,0.9957,0.6884,22.1004,4507-16021-0001
0.0,0.9973,0.8125,23.35,4507-16021-0005
0.0,0.9957,0.5418,21.3009,4507-16021-0021
0.0,0.9967,0.6603,21.8721,4507-16021-0030
0.0,0.9983,0.6111,23.2938,4507-16021-0031
0.0,0.9937,0.6506,19.6205,4507-16021-0046
0.0,0.999,0.6738,24.2758,4507-16021-0052
0.0,0.9942,0.6667,20.4719,4507-16021-0053
0.0,0.9978,0.513,22.6501,4507-16021-0056
0.0,-0.0092,0.2903,22.8076,4507-16021-0057
,,0.0,19.0795,4970-29093-0002
0.0,0.9962,0.3985,19.8958,4970-29093-0013
0.0,0.9983,0.3064,20.1959,4970-29093-0020
0.0,0.9947,0.6524,20.959,4970-29095-0006
0.0,0.9988,0.1554,19.8561,4970-29095-0007
0.0,0.997,0.1415,18.272,4970-29095-0020
0.0,0.994,0.3367,20.2544,4970-29095-0024
0.0,0.9994,0.3366,19.7523,4970-29095-0026
0.0,0.9966,0.2637,20.2446,4970-29095-0027
0.0,0.9991,0.3418,19.6156,4970-29095-0036
0.0,0.2795,0.1804,16.6705,4992-23283-0004
0.0,0.9952,0.5448,18.6164,4992-23283-0011
0.0,0.9957,0.2459,18.7793,4992-23283-0013
0.0,0.9866,0.1963,19.5158,4992-41797-0007
0.0,0.5338,0.2768,15.203,4992-41797-0010
0.1,-0.1802,0.3037,14.9498,4992-41797-0017
0.0,0.997,0.386,17.0391,4992-41806-0003
0.0,0.8135,0.2744,15.8706,4992-41806-0008
0.0,0.9962,0.427,15.2371,4992-41806-0013
0.0,0.9962,0.4498,17.505,4992-41806-0017
,,0.0,19.3335,5105-28233-0001
,,0.0054,17.7533,5105-28233-0004
,,0.0,19.2392,5105-28240-0006
0.0,0.9889,0.0761,17.5094,5105-28240-0007
0.0,0.9293,0.0478,18.3662,5105-28240-0009
,,0.0,18.7054,5105-28240-0012
0.0,0.9672,0.2039,17.8961,5105-28240-0016
,,0.0,17.296,5105-28240-0022
,,0.0,18.0409,5105-28240-0024
,,0.0,17.23,5105-28241-0005
0.0,0.9991,0.3035,15.1578,5142-33396-0012
0.0,0.9976,0.3522,15.378,5142-33396-0015
0.0,0.9945,0.3561,15.9463,5142-33396-0019
0.0,0.9741,0.147,14.4309,5142-33396-0024
0.0,0.9786,0.1405,14.5057,5142-33396-0032
0.0,0.9993,0.1244,16.2631,5142-33396-0054
0.0,0.9969,0.3164,14.4074,5142-36377-0001
,,0.0,14.6452,5142-36377-0006
,,0.0,15.7534,5142-36377-0018
0.0,0.9959,0.1199,14.7736,5142-36377-0023
,,0.0,15.2994,5639-40744-0002
,,0.0,16.7869,5639-40744-0007
,,0.0,14.1839,5639-40744-0012
,,0.0,15.1118,5639-40744-0013
,,0.0,15.9883,5639-40744-0014
0.0,0.9886,0.1635,13.8774,5639-40744-0017
,,0.0,15.6237,5639-40744-0024
,,0.0,13.949,5639-40744-0029
0.0,0.9829,0.0993,14.0264,5639-40744-0034
0.1,0.9843,0.0406,14.4067,5639-40744-0040
0.0,0.9725,0.1289,18.9474,5683-32865-0010
0.0,0.9973,0.5065,19.7684,5683-32866-0006
0.0,0.9902,0.2757,19.3554,5683-32866-0012
0.0,0.9803,0.4188,18.6518,5683-32866-0016
0.0,0.9921,0.5153,17.3686,5683-32866-0024
0.0,0.9616,0.4007,20.4527,5683-32879-0004
0.0,0.9987,0.369,19.207,5683-32879-0006
0.0,0.9601,0.232,19.0691,5683-32879-0007
0.1,0.7906,0.0969,20.6318,5683-32879-0012
0.0,0.9899,0.3401,19.843,5683-32879-0013
-0.1,-0.1693,0.1349,19.3498,61-70968-0017
,,0.0,19.607,61-70968-0020
,,0.0,21.5313,61-70968-0023
,,0.0,20.9616,61-70968-0030
-0.1,0.3028,0.147,19.5814,61-70968-0041
,,0.0,20.4145,61-70968-0043
-0.1,0.3061,0.1067,16.9333,61-70968-0050
-0.15,-0.2736,0.0859,19.6903,61-70968-0057
0.0,0.5379,0.0943,19.107,61-70970-0000
-0.1,-0.6279,0.2804,18.8098,61-70970-0011
,,0.0,16.3538,672-122797-0003
0.0,0.9952,0.2353,18.1915,672-122797-0019
,,0.0,18.1976,672-122797-0052
,,0.0,20.2356,672-122797-0054
,,0.0,16.7142,672-122797-0055
0.1,0.9954,0.1856,18.9908,672-122797-0058
0.0,0.9983,0.4981,18.7821,672-122797-0061
,,0.0,16.5604,672-122797-0070
,,0.0,16.7784,672-122797-0072
0.0,0.9974,0.2004,16.2714,672-122797-0073
0.0,0.9934,0.6557,20.9106,6829-68769-0006
0.0,0.9999,0.3304,20.0632,6829-68769-0039
0.0,0.9732,0.1127,22.1827,6829-68769-0049
0.0,0.996,0.2563,22.6869,6829-68771-0005
0.0,0.9889,0.4416,23.3615,6829-68771-0011
,,0.0,22.5704,6829-68771-0014
0.0,0.9901,0.313,21.0996,6829-68771-0019
0.1,0.9944,0.1394,21.3793,6829-68771-0023
0.0,0.9974,0.4681,22.109,6829-68771-0025
0.0,0.9992,0.1875,21.3073,6829-68771-0035
9.5,0.3413,0.0659,15.4478,6930-75918-0009
,,0.0,14.9171,6930-75918-0015
,,0.0,15.878,6930-75918-0018
0.0,0.9765,0.0288,14.5316,6930-75918-0019
,,0.0,15.4731,6930-76324-0008
,,0.0,15.7623,6930-76324-0011
,,0.0,16.1194,6930-76324-0025
,,0.0,15.5477,6930-76324-0028
,,0.0,15.1533,6930-81414-0011
,,0.0,16.4509,6930-81414-0023
0.0,0.9996,0.0657,20.7168,7021-79730-0006
0.0,0.9966,0.1864,17.6185,7021-79730-0009
12.2,0.698,0.0374,21.4757,7021-79740-0001
,,0.0,20.4181,7021-79740-0002
,,0.0,19.1727,7021-79740-0003
,,0.0,21.375,7021-79740-0004
,,0.0269,21.3176,7021-79759-0003
12.4,-0.9589,0.024,21.5324,7021-79759-0005
0.0,0.9905,0.1196,21.4885,7021-85628-0008
0.0,0.9057,0.1982,21.5929,7021-85628-0009
,,0.0172,17.0826,7127-75946-0002
,,0.0,15.1456,7127-75946-0004
0.0,0.9397,0.0774,15.7288,7127-75946-0012
,,0.0,15.4681,7127-75946-0024
,,0.0186,17.3339,7127-75947-0001
,,0.0327,16.8029,7127-75947-0007
,,0.0,15.9181,7127-75947-0023
,,0.0,17.3115,7127-75947-0025
,,0.0,15.9048,7127-75947-0033
,,0.0,18.5848,7127-75947-0040
0.0,0.9954,0.1809,21.0659,7176-88083-0000
0.0,0.998,0.374,20.0729,7176-88083-0003
,,0.0,20.2188,7176-88083-0009
0.0,0.9983,0.1354,19.8422,7176-88083-0025
,,0.0,19.3195,7176-88083-0026
,,0.0,20.1368,7176-92135-0005
0.1,0.9973,0.1392,19.65,7176-92135-0006
0.0,0.8357,0.2954,18.9872,7176-92135-0009
0.0,0.9973,0.494,20.4126,7176-92135-0022
0.0,0.9974,0.3946,20.6537,7176-92135-0042
,,0.0,20.0163,7729-102255-0012
0.1,0.9302,0.0636,18.9948,7729-102255-0018
,,0.0,20.3203,7729-102255-0023
,,0.0,20.2007,7729-102255-0024
,,0.0,20.9652,7729-102255-0030
,,0.0,19.5615,7729-102255-0031
,,0.0,20.3516,7729-102255-0035
0.0,0.9895,0.1224,19.2169,7729-102255-0037
0.0,0.9974,0.2883,18.5676,7729-102255-0039
,,0.0,21.5697,7729-102255-0040
0.0,0.9959,0.1202,18.755,8224-274381-0007
,,0.0,18.6044,8224-274381-0010
,,0.0,19.7723,8224-274381-0011
0.0,0.9956,0.0653,17.7999,8224-274381-0013
0.1,0.9997,0.1689,18.3138,8224-274384-0002
0.1,0.0315,0.1327,19.0874,8224-274384-0006
0.05,0.1758,0.0918,17.3704,8224-274384-0007
0.0,0.9993,0.2259,18.6682,8224-274384-0008
0.0,0.9998,0.2247,18.8157,8224-274384-0009
,,0.0,19.6139,8224-274384-0013
0.0,0.9821,0.1611,21.1196,8230-279154-0000
0.0,0.9977,0.2938,21.4893,8230-279154-0004
0.0,0.9942,0.3623,19.9086,8230-279154-0016
0.0,0.9981,0.4208,20.9377,8230-279154-0018
0.0,0.9985,0.2818,21.2888,8230-279154-0020
0.0,0.1158,0.0308,22.0705,8230-279154-0022
0.0,0.9856,0.1598,21.9631,8230-279154-0023
0.0,0.9972,0.3884,21.4409,8230-279154-0028
0.0,0.9913,0.1488,19.8016,8230-279154-0029
0.0,0.9795,0.2266,19.6954,8230-279154-0030
,,0.0,19.0125,8455-210777-0011
,,0.0,17.7655,8455-210777-0014
,,0.0,18.85,8455-210777-0018
,,0.0,19.2515,8455-210777-0024
,,0.0,20.1464,8455-210777-0033
0.0,0.6631,0.0793,18.7954,8455-210777-0034
,,0.0162,18.3119,8455-210777-0040
,,0.0,18.5964,8455-210777-0041
,,0.0,17.9326,8455-210777-0046
0.0,0.9092,0.1263,18.2457,8455-210777-0056
0.0,0.9909,0.2665,19.8665,8463-287645-0002
,,0.0,21.9965,8463-287645-0003
0.0,0.9994,0.3636,21.7107,8463-294825-0010
,,0.0,20.0102,8463-294825-0016
,,0.0,20.7236,8463-294828-0002
,,0.0,19.829,8463-294828-0010
,,0.0,19.912,8463-294828-0012
0.0,0.9955,0.1802,21.4161,8463-294828-0014
,,0.0,21.1872,8463-294828-0031
0.0,0.9944,0.0614,20.2031,8463-294828-0036
0.0,0.9991,0.4313,20.4344,8555-284447-0002
0.0,0.9973,0.6548,18.1468,8555-284447-0014
0.0,0.9963,0.7832,18.7723,8555-284447-0017
0.0,0.999,0.4269,21.3288,8555-284447-0024
0.0,0.9975,0.68,19.5719,8555-284449-0004
0.0,0.9908,0.6964,18.0917,8555-284449-0019
0.0,0.9845,0.5841,20.4108,8555-284449-0020
0.0,0.9816,0.6226,18.3444,8555-292519-0005
0.0,0.9888,0.4169,18.4254,8555-292519-0007
12.9,-0.6439,0.0367,18.3573,8555-292519-0013
,,0.0,19.5558,908-157963-0009
,,0.0,19.8795,908-157963-0010
,,0.0,19.4649,908-157963-0011
,,0.0,21.1055,908-157963-0015
,,0.0,21.0907,908-157963-0016
0.1,0.9701,0.094,19.9422,908-157963-0023
,,0.0,20.2287,908-157963-0025
,,0.0,19.2601,908-31957-0005
,,0.0,19.8503,908-31957-0022
0.0,0.507,0.0389,18.1707,908-31957-0024
